id,name,product_url,original_price,sale_price,image_url,source_page
1,"Decorative hand Knotted beautiful authentic Persian Heriz size 8ft by 11'4"" made of 100% pure wool and cotton foundation circa 1930s",https://baseerorientalrugs.com/hand-kotted-rugs-sale-1/ols/products/decorative-hand-knotted-beautiful-authentic-persian-heriz-size-8ft-by-11--made-of-100-pure-silk-and-cotton,"$8,900.00","$5,500.00",https://img1.wsimg.com/isteam/ip/6297fd88-bda9-4967-b377-b62716f47e9a/ols/1000037749.jpg,1
2,"Decorative hand Knotted antique Persian Heriz design size 8ft by 10ft 9"""" soft colors circa 1930s (BIG SAVING on this rug)",https://baseerorientalrugs.com/hand-kotted-rugs-sale-1/ols/products/decorative-hand-knotted-antique-persian-heriz-design-size-8ft-by-10ft-9-soft-colors--circa-1930s-big-saving-on-this-rug,"$7,500.00","$4,900.00",https://img1.wsimg.com/isteam/ip/6297fd88-bda9-4967-b377-b62716f47e9a/ols/1000037436.jpg,1
3,"Antique hand knottted traditional Persian design bibikabat rare hallway runner size 7'ft 10""x17' ft 7"" circa 1900 100% wool pile and cotton foundation (BIG SAVING on this rug)",https://baseerorientalrugs.com/hand-kotted-rugs-sale-1/ols/products/antique-hand-knottted-traditional-persian-design-bibikabat-rare-hallway-runner-size-7ft-10x17-ft-7-circa-1900--100-wool-pile-and-cotton-foundation-big-saving-on-this-rug,"$19,900.00","$11,500.00",https://img1.wsimg.com/isteam/ip/6297fd88-bda9-4967-b377-b62716f47e9a/ols/1000037440.jpg,1
4,Decorative 100% silk & wool very fine hand knotted modern design rug size 8ft by10ft soft colors (BIG SAVING on this rug),https://baseerorientalrugs.com/hand-kotted-rugs-sale-1/ols/products/decorative-100-silk--wool-very-fine-hand-knotted-modern-design-rug-size-8ft-by10ft-soft-colors-big-saving-on-this-rug,"$4,900.00","$2,990.00",https://img1.wsimg.com/isteam/ip/6297fd88-bda9-4967-b377-b62716f47e9a/ols/1000037432.jpg,1
5,Decorative 100% silk & wool very fine hand knotted modern design rug size 9ft by10ft soft colors new (BIG SAVING on this rug),https://baseerorientalrugs.com/hand-kotted-rugs-sale-1/ols/products/decorative-100-silk--wool-very-fine-hand-knotted-modern-design-rug-size-9ft-by10ft-soft-colors--new-big-saving-on-this-rug,"$5,900.00","$3,650.00",https://img1.wsimg.com/isteam/ip/6297fd88-bda9-4967-b377-b62716f47e9a/ols/1000037424.jpg,1
6,"Antique handwoven authentic 100% wool Persian baluchi design rug circa 1900s size 3ft 6"" by 5ft 3"" (BIG SAVING on this rug)",https://baseerorientalrugs.com/hand-kotted-rugs-sale-1/ols/products/antique-handwoven-authentic-100-wool-persian-baluchi-design-rug-circa-1900s--size-3ft-6-by-5ft-3---big-saving-on-this-rug,"$1,750.00",$900.00,https://img1.wsimg.com/isteam/ip/6297fd88-bda9-4967-b377-b62716f47e9a/ols/1000036440.jpg,1
7,"Decorative hand Knotted 100% wool pile and cotton foundation Malayer design size 4ft 4""x 6ft 6"" circa 1920s (BIG SAVING on this rug)",https://baseerorientalrugs.com/hand-kotted-rugs-sale-1/ols/products/decorative--hand-knotted-100-wool-pile-and-cotton-foundation-malayer-design-size-4ft-4x-6ft-6-circa-1920s-big-saving-on-this-rug,"$4,900.00","$2,750.00",https://img1.wsimg.com/isteam/ip/6297fd88-bda9-4967-b377-b62716f47e9a/ols/1000036429.jpg,1
8,"Decorative antiwque hand Knotted 100% wool Caucasian kazakh design size 3'5"" x8'5"" circa 1900s (BIG SAVING on this rug)",https://baseerorientalrugs.com/hand-kotted-rugs-sale-1/ols/products/decorative-antiwque-hand-knotted-100-wool-caucasian-kazakh-design-size-35-x85-circa-1900s-big-saving-on-this-rug,"$3,500.00","$1,695.00",https://img1.wsimg.com/isteam/ip/6297fd88-bda9-4967-b377-b62716f47e9a/ols/1000037446.jpg,1
9,"(SOLD) Decorative hand Knotted antique Persian Heriz design size 8ft 7"" by 11ft 100% wool pile and cotton foundation circa 1930s",https://baseerorientalrugs.com/hand-kotted-rugs-sale-1/ols/products/hantiquepersianherizdesign,"$7,500.00","$3,900.00",https://img1.wsimg.com/isteam/ip/6297fd88-bda9-4967-b377-b62716f47e9a/ols/1000036129.jpg,1
10,"Decorative hand Knotted antique Persian Heriz design size 8ft 4"" by 11ft 3"" 100% wool pile and cotton foundation circa 1930s",https://baseerorientalrugs.com/hand-kotted-rugs-sale-1/ols/products/decorative-hand-knotted-antique-persian-heriz-design-size-8ft-4-by-11ft-3-100-wool-pile-and-cotton-foundation-circa-1930s,"$7,900.00","$3,900.00",https://img1.wsimg.com/isteam/ip/6297fd88-bda9-4967-b377-b62716f47e9a/ols/1000036285.jpg,1
11,"(SOLD) Decorative hand Knotted antique Persian Heriz design size 8ft by 10ft 4"" 100% wool pile and cotton foundation circa 1930s",https://baseerorientalrugs.com/hand-kotted-rugs-sale-1/ols/products/decorative-hand-knotted-antique-persian-heriz-design-size-8ft-by-10ft-4-100-wool-pile-and-cotton-foundation-circa-1930s,"$6,500.00","$3,500.00",https://img1.wsimg.com/isteam/ip/6297fd88-bda9-4967-b377-b62716f47e9a/ols/1000036283.jpg,1
12,"Decorative hand Knotted antique Persian Heriz design size 6ft 5"" by 9ft 7"" 100% wool pile and cotton foundation circa 1930s",https://baseerorientalrugs.com/hand-kotted-rugs-sale-1/ols/products/decorative-hand-knotted-antique-persian-heriz-design-size-6ft-5-by-9ft-7-100-wool-pile-and-cotton-foundation-circa-1930s,"$4,900.00","$2,900.00",https://img1.wsimg.com/isteam/ip/6297fd88-bda9-4967-b377-b62716f47e9a/ols/1000036277.jpg,1
13,"Decorative hand Knotted antique Persian Heriz design size 10ft by 12ft 4"" 100% wool pile and cotton foundation circa 1930s",https://baseerorientalrugs.com/hand-kotted-rugs-sale-1/ols/products/decorative-hand-knotted--antique-persian-heriz-design-size-10ft-by-12ft-4-100-wool-pile-and-cotton-foundation-circa-1930s,"$9,900.00","$6,500.00",https://img1.wsimg.com/isteam/ip/6297fd88-bda9-4967-b377-b62716f47e9a/ols/1000036273.jpg,1
14,"Hand Knotted authentic antique Persian Serapi design size 11ft by 15ft 3"" circa 1900s 100% pure wool pile and cotton foundation",https://baseerorientalrugs.com/hand-kotted-rugs-sale-1/ols/products/hand-knotted-authentic-antique-persian-serapi-design-size-11ft-by-15ft-3-circa-1900s-100-pure-wool-pile-and-cotton-foundation,"$45,000.00","$24,600.00",https://img1.wsimg.com/isteam/ip/6297fd88-bda9-4967-b377-b62716f47e9a/ols/1000032003.jpg,1
15,Decorative hand Knotted transitional design Afghan rug 100% wool pile and cotton foundation size 9ft by 12ft new,https://baseerorientalrugs.com/hand-kotted-rugs-sale-1/ols/products/decorative-hand-knotted-transitional-design-afghan-rug-100-wool-pile-and-cotton-foundation-size-9ft-by-12ft-new,"$5,900.00","$3,900.00",https://img1.wsimg.com/isteam/ip/6297fd88-bda9-4967-b377-b62716f47e9a/ols/1000031151.jpg,1
16,Decorative hand Knotted 100% wool pile and cotton foundation Afghan Kazak design size 8ft by 10ft,https://baseerorientalrugs.com/hand-kotted-rugs-sale-1/ols/products/decorative-hand-knotted-100-wool-pile-and-cotton-foundation-afghan-kazak-design-size-8ft-by-10ft,"$4,500.00","$2,900.00",https://img1.wsimg.com/isteam/ip/6297fd88-bda9-4967-b377-b62716f47e9a/ols/1000031165.jpg,2
17,Decorative hand Knotted transitional Kazak rug 100% wool pile and cotton foundation size 8ft by 10ft newc,https://baseerorientalrugs.com/hand-kotted-rugs-sale-1/ols/products/decorative-hand-knotted-transitional-kazak-rug-100-wool-pile-and-cotton-foundation-size-8ft-by-10ft-newc,"$4,500.00","$2,900.00",https://img1.wsimg.com/isteam/ip/6297fd88-bda9-4967-b377-b62716f47e9a/ols/1000031161.jpg,2
18,Decorative hand Knotted colorful Afghan Mahal design wool rug size 8ft by 10ft 100% pure wool pile cotton foundation new,https://baseerorientalrugs.com/hand-kotted-rugs-sale-1/ols/products/decorative-hand-knotted-colorful-afghan-mahal-design-wool-rug-size-8ft-by-10ft-100-pure-wool-pile-cotton-foundation-new,"$4,500.00","$2,900.00",https://img1.wsimg.com/isteam/ip/6297fd88-bda9-4967-b377-b62716f47e9a/ols/1000031157.jpg,2
19,Decorative hand Knotted Afghan Mahal design size 9ft by 12ft 100% pure wool pile and cotton foundation new,https://baseerorientalrugs.com/hand-kotted-rugs-sale-1/ols/products/decorative-hand-knotted-afghan-mahal-design-size-9ft-by-12ft-100-pure-wool-pile-and-cotton-foundation-new,"$5,900.00","$3,900.00",https://img1.wsimg.com/isteam/ip/6297fd88-bda9-4967-b377-b62716f47e9a/ols/1000031155.jpg,2
20,Hand-knotted transitional Kazak design 100% wool pile and cotton foundation size 8ft by 10ft new,https://baseerorientalrugs.com/hand-kotted-rugs-sale-1/ols/products/hand-knotted-transitional-kazak-design-100-wool-pile-and-cotton-foundation-size-8ft-by-10ft-new,"$4,500.00","$2,900.00",https://img1.wsimg.com/isteam/ip/6297fd88-bda9-4967-b377-b62716f47e9a/ols/1000031147.jpg,2
21,"Antique hand Knotted authentic Caucasian shirvan design size 2ft 10"" by 4ft 9"" circa 1880s 100% pure wool",https://baseerorientalrugs.com/hand-kotted-rugs-sale-1/ols/products/antique-hand-knotted-authentic-caucasian-shirvan-design-size-2ft-10-by-4ft-9-circa-1880s-100-pure-wool,"$2,900.00","$1,900.00",https://img1.wsimg.com/isteam/ip/6297fd88-bda9-4967-b377-b62716f47e9a/ols/1000031906.jpg,2
22,Decorative 100% wool pile beautiful hand knotted trible design rug size 4ft by 6ft circa 1900s (BIG SAVING on this rug),https://baseerorientalrugs.com/hand-kotted-rugs-sale-1/ols/products/decorative-100-wool-pile-beautiful-hand-knotted-trible-design-rug-size-4ft-by-6ft-circa-1900s-big-saving-on-this-rug,"$3,500.00","$2,500.00",https://img1.wsimg.com/isteam/ip/6297fd88-bda9-4967-b377-b62716f47e9a/ols/1000026947.jpg,2
23,Decorative hand Knotted 100% wool Turkish prayer rug design size 3ft by 5ft circa 1920s (BIG SAVING on this rug),https://baseerorientalrugs.com/hand-kotted-rugs-sale-1/ols/products/decorative-hand-knotted-100-wool-turkish-prayer-rug-design-size-3ft-by-5ft-circa-1920s--big-saving-on-this-rug,"$2,900.00","$1,500.00",https://img1.wsimg.com/isteam/ip/6297fd88-bda9-4967-b377-b62716f47e9a/ols/1000026971.jpg,2
24,"Decorative 100% hand Knotted100% wool camel hair trible design size 3ft "" by 15ft circa 1900s (BIG SAVING on this rug)",https://baseerorientalrugs.com/hand-kotted-rugs-sale-1/ols/products/decorative-100-hand-knotted100--wool-camel-hair-trible-design-size-3ft--by-15ft-circa-1900s-big-saving-on-this-rug,"$6,500.00","$4,500.00",https://img1.wsimg.com/isteam/ip/6297fd88-bda9-4967-b377-b62716f47e9a/ols/1000026998-4486662.jpg,2
25,Colletble antique hand knotted authentic Coucasian shirvan design 100% pure wool circan 1900 size 3ft by 4ft,https://baseerorientalrugs.com/hand-kotted-rugs-sale-1/ols/products/colletble-antique-hand-knotted-authentic-coucasian-shirvan-design-100-pure-wool-circan-1900-size-3ft-by-4ft,"$2,900.00","$1,750.00",https://img1.wsimg.com/isteam/ip/6297fd88-bda9-4967-b377-b62716f47e9a/ols/1000026960.jpg,2
26,(SOLD) Antique hand knotted authentic Persian Sultanabad size 9ft by 14ft ( cut rug vintage need work) circa 1880s,https://baseerorientalrugs.com/hand-kotted-rugs-sale-1/ols/products/antique-hand-knotted-authentic-persian-sultanabad,"$12,500.00","$7,750.00","https://img1.wsimg.com/isteam/ip/6297fd88-bda9-4967-b377-b62716f47e9a/ols/1000030572.jpg/:/rs=w:600,h:600",2
27,"Hand Knotted authentic antique Persian Heriz Serapies size 11ft 8"" by 14ft 6"" circa 1880s 100% pure wool pile and cotton foundation",https://baseerorientalrugs.com/hand-kotted-rugs-sale-1/ols/products/hand-knotted-authentic-antique-persian-heriz-serapies-size-11ft-8-by-14ft-6-circa-1880s-100-pure-wool-pile-and-cotton-foundation,"$69,000.00","$45,000.00",https://img1.wsimg.com/isteam/ip/6297fd88-bda9-4967-b377-b62716f47e9a/ols/1000024770.jpg,2
28,"(SOLD) Hand Knotted authentic antique Persian Heriz Serapies size 11ft 2"" by 14ft 6"" circa 1900s 100% wool pile and cotton foundation",https://baseerorientalrugs.com/hand-kotted-rugs-sale-1/ols/products/hand-knotted-authentic-antique-persian-heriz-serapies-size-11ft-2-by-14ft-6-circa-1900s-100-wool-pile-and-cotton-foundation,"$45,000.00","$29,000.00",https://img1.wsimg.com/isteam/ip/6297fd88-bda9-4967-b377-b62716f47e9a/ols/1000024780-8bd8813.jpg,2
29,"Hand Knotted authentic antique Persian Heriz serapi size 11ft 4"" by 15ft 6"" circa 1880s 100% Cotton foundation wool pile",https://baseerorientalrugs.com/hand-kotted-rugs-sale-1/ols/products/hand-knotted-authentic-antique-persian-heriz-serapi-size-11ft-4-by-15ft-6-circa-1880s-100-cotton-foundation-wool-pile,"$65,000.00","$42,000.00",https://img1.wsimg.com/isteam/ip/6297fd88-bda9-4967-b377-b62716f47e9a/ols/1000024805-09e9644.jpg,2
30,"Hand Knotted authentic antique Turkish oushak design size 10ft 4""by 12ft 7"" 100% pure wool circa 1920s",https://baseerorientalrugs.com/hand-kotted-rugs-sale-1/ols/products/hand-knotted-authentic-antique-turkish-oushak-design-size-10ft-4by-12ft-7-100-pure-wool-circa-1920s,"$9,900.00","$6,900.00",https://img1.wsimg.com/isteam/ip/6297fd88-bda9-4967-b377-b62716f47e9a/ols/1000024666.jpg,2
31,"Decorative hand knottted authentic antique art deco Chinese rug size 9'11""x12'7""circa 1900s vintage",https://baseerorientalrugs.com/hand-kotted-rugs-sale-1/ols/products/decorative-hand-knottted-authentic-antique-art-deco-chinese-rug-size-911x127circa-1900s-vintage,"$6,500.00","$3,500.00",https://img1.wsimg.com/isteam/ip/6297fd88-bda9-4967-b377-b62716f47e9a/ols/1000024653.jpg,3
32,"Hand Knotted authentic antique Persian Heriz rug size 11ft 11"" by 16ft 6"" circa 1900s",https://baseerorientalrugs.com/hand-kotted-rugs-sale-1/ols/products/hand-knotted-authentic-antique-persian-heriz-rug-size-11ft-11-by-16ft-6-circa-1900s,"$55,000.00","$27,000.00",https://img1.wsimg.com/isteam/ip/6297fd88-bda9-4967-b377-b62716f47e9a/ols/1000024547.jpg,3
33,Decorative hand Knotted beautiful authentic Persian Heriz size 9ft by 12ft made of 100% pure wool circa 1900s,https://baseerorientalrugs.com/hand-kotted-rugs-sale-1/ols/products/decorative-hand-knotted-beautiful-authentic-persian-tabriz-size-6ft-8-by-9ft-10-made-of-100-pure-silk-and-wool,"$12,500.00","$7,500.00",https://img1.wsimg.com/isteam/ip/6297fd88-bda9-4967-b377-b62716f47e9a/ols/1000021677.jpg,3
34,Decorative 100% hand Knotted silk and wool modern kohi nor design size 8ft by 10ft soft colors,https://baseerorientalrugs.com/hand-kotted-rugs-sale-1/ols/products/decorative-100-hand-knotted-silk-and-wool-modern-kohi-nor-design-size-8ft-by-10ft--soft-colors,"$5,500.00","$3,500.00",https://img1.wsimg.com/isteam/ip/6297fd88-bda9-4967-b377-b62716f47e9a/ols/1000019644.jpg,3
35,Decorative beautiful 100% hand Knotted silk and wool modern grass design size 9ft by 12ft soft colors,https://baseerorientalrugs.com/hand-kotted-rugs-sale-1/ols/products/decorative-beautiful-100-hand-knotted-silk-and-wool-modern-grass-design-size-9ft-by-12ft-soft-colors,"$5,900.00","$3,900.00",https://img1.wsimg.com/isteam/ip/6297fd88-bda9-4967-b377-b62716f47e9a/ols/1000019634.jpg,3
36,Decorative 100% hand Knotted silk and wool modern grass design size 9ft by 12ft soft colors,https://baseerorientalrugs.com/hand-kotted-rugs-sale-1/ols/products/decorative-100-hand-knotted-silk-and-wool-modern-grass-design-size-9ft-by-12ft-soft-colors,"$5,900.00","$3,900.00",https://img1.wsimg.com/isteam/ip/6297fd88-bda9-4967-b377-b62716f47e9a/ols/1000019632.jpg,3
37,Decorative 100% hand Knotted silk and wool modern grass design size 8ft by 10ft soft colors,https://baseerorientalrugs.com/hand-kotted-rugs-sale-1/ols/products/decorative-100-hand-knotted-silk-and-wool-modern-grass-design-size-8ft-by-10ft-soft-colors,"$4,900.00","$3,100.00",https://img1.wsimg.com/isteam/ip/6297fd88-bda9-4967-b377-b62716f47e9a/ols/1000019622.jpg,3
38,Decorative 100% hand Knotted silk and wool modern grass design size9ft by 12ft soft blue,https://baseerorientalrugs.com/hand-kotted-rugs-sale-1/ols/products/decorative-100-hand-knotted-silk-and-wool-modern-grass-design-size-8ft-by-10ft--soft-blue,"$5,900.00","$3,900.00",https://img1.wsimg.com/isteam/ip/6297fd88-bda9-4967-b377-b62716f47e9a/ols/1000019606.jpg,3
39,Decorative 100% hand Knotted silk and wool modern garss design size 8ft by 10ft soft colors,https://baseerorientalrugs.com/hand-kotted-rugs-sale-1/ols/products/decorative-100-hand-knotted-silk-and-wool-modern-garss-design-size-8ft--by-10ft--soft-colors,"$4,900.00","$3,100.00",https://img1.wsimg.com/isteam/ip/6297fd88-bda9-4967-b377-b62716f47e9a/ols/1000019605.jpg,3
40,Decorative hand woven 100% pure wool modern design Indian rug size 6ft by 9ft soft blue,https://baseerorientalrugs.com/hand-kotted-rugs-sale-1/ols/products/decorative-hand-woven-100-pure-wool-modern-design-indian-rug-size-6ft-by-9ft--soft-blue,"$2,900.00","$1,600.00",https://img1.wsimg.com/isteam/ip/6297fd88-bda9-4967-b377-b62716f47e9a/ols/1000019600.jpg,3
41,Decorative 100% hand Knotted silk and wool modern garss design size soft pink and blue size 9ft by 12ft,https://baseerorientalrugs.com/hand-kotted-rugs-sale-1/ols/products/decorative-100-hand-knotted-silk-and-wool-modern-garss-design-size--soft-pink-and-blue-size-9ft-by-12ft,"$6,900.00","$4,200.00",https://img1.wsimg.com/isteam/ip/6297fd88-bda9-4967-b377-b62716f47e9a/ols/1000019592.jpg,3
42,"Rare design hand Knotted 100% pure wool Afghan Herati design size 5'10""x7'8"" very fine quality wool rug",https://baseerorientalrugs.com/hand-kotted-rugs-sale-1/ols/products/rare-design-hand-knotted--100-pure-wool-afghan-herati-design-size-510x78-very-fine-quality-wool-rug,"$3,450.00","$2,308.00",https://img1.wsimg.com/isteam/ip/6297fd88-bda9-4967-b377-b62716f47e9a/ols/1000019428.jpg,3
43,"Authentic hand knotted antique coucasian kazakh design circa 1880s size 3fdt 8"" by 8ft 100% pure wool one of its kind",https://baseerorientalrugs.com/hand-kotted-rugs-sale-1/ols/products/authentic-hand-knotted-antique-coucasian-kazakh-design-circa-1880s-size-3fdt-8-by-8ft-100-pure-wool-one-of-its-kind,"$8,500.00","$5,500.00",https://img1.wsimg.com/isteam/ip/6297fd88-bda9-4967-b377-b62716f47e9a/ols/20250729_102514%5B1%5D.jpg,3
44,"Hand-knotted authentic antique North west Persian rug size 10ft 2"" by 12ft 4"" circa 1880s one of its kind",https://baseerorientalrugs.com/hand-kotted-rugs-sale-1/ols/products/hand-knotted-authentic-antique-north-west-persian-rug-size-10ft-2-by-12ft-4-circa-1880s-one-of-its-kind,"$29,000.00","$18,000.00",https://img1.wsimg.com/isteam/ip/6297fd88-bda9-4967-b377-b62716f47e9a/ols/1000013231.jpg,3
45,"Decorative 100% hand Knotted silk and wool modern design size 8ft 1"" by 10ft 4"" soft blue (BIG SAVING on this rug)",https://baseerorientalrugs.com/hand-kotted-rugs-sale-1/ols/products/decorative-hand-knotted-silk-and-wool-modern-design-size-8ft-1-by-10ft-4-soft-blue,"$5,900.00","$3,200.00",https://img1.wsimg.com/isteam/ip/6297fd88-bda9-4967-b377-b62716f47e9a/ols/1000009379.jpg,3
46,Beautiful geometric design hand Knotted authentic Caucasian shirvan design size 3ft by 5ft circa 1880s 100% pure wool,https://baseerorientalrugs.com/hand-kotted-rugs-sale-1/ols/products/beautiful-geometric-design-hand-knotted-authentic-caucasian-shirvan-design-size-3ft-by-5ft-circa-1880s-100-pure-wool,"$4,500.00","$2,500.00",https://img1.wsimg.com/isteam/ip/6297fd88-bda9-4967-b377-b62716f47e9a/ols/1000009301.jpg,4
47,Decorative hand Knotted authentic antique Caucasian Kazak design circa 1880s size 3ft by 5ft 100% pure wool rug,https://baseerorientalrugs.com/hand-kotted-rugs-sale-1/ols/products/decorative-hand-knotted-authentic-antique-caucasian-kazak-design-circa-1880s-size-3ft-by-5ft-100-pure-wool-rug,"$3,900.00","$2,200.00",https://img1.wsimg.com/isteam/ip/6297fd88-bda9-4967-b377-b62716f47e9a/ols/1000009297.jpg,4
48,"Long runner hand Knotted authentic antique Caucasian Kazak design circa 1900s size 3ft 5"" by 12ft",https://baseerorientalrugs.com/hand-kotted-rugs-sale-1/ols/products/long-runner-hand-knotted-authentic-antique-caucasian-kazak-design-circa-1900s-size-3ft-5-by-12ft,"$7,500.00","$4,500.00",https://img1.wsimg.com/isteam/ip/6297fd88-bda9-4967-b377-b62716f47e9a/ols/1000009294.jpg,4
49,(sold) Decorative hand Knotted authentic antique Caucasian Akstafa size 3ft by 5ft circa 1880s,https://baseerorientalrugs.com/hand-kotted-rugs-sale-1/ols/products/decorative-hand-knotted-authentic-antique-caucasian-akstafa-size-3ft-by-5ft-circa-1880s,"$4,500.00","$2,500.00",https://img1.wsimg.com/isteam/ip/6297fd88-bda9-4967-b377-b62716f47e9a/ols/1000009304.jpg,4
50,Decorative hand Knotted fine quality 100% soft wool pile and cotton foundation size 10ft by 14ft allover design rug,https://baseerorientalrugs.com/hand-kotted-rugs-sale-1/ols/products/decorative-hand-knotted-fine-quality-100--soft-wool-pile-and-cotton-foundation-size-10ft-by-14ft-allover-design-rug,"$8,900.00","$5,900.00",https://img1.wsimg.com/isteam/ip/6297fd88-bda9-4967-b377-b62716f47e9a/ols/1000008554.jpg,4
51,Decorative hand Knotted 100% pure wool Turkish oushak design size 9ft by 12ft new,https://baseerorientalrugs.com/hand-kotted-rugs-sale-1/ols/products/decorative-hand-knotted-100-pure-wool-turkish-oushak-design-size-9ft-by-12ft-new,"$6,500.00","$3,900.00",https://img1.wsimg.com/isteam/ip/6297fd88-bda9-4967-b377-b62716f47e9a/ols/1000007265.jpg,4
52,(SOLD) Decorative 100% hand Knotted soft colors Oushak design size 8ft by 10ft made of 100% pure wool new (BIG SAVING on this rug),https://baseerorientalrugs.com/hand-kotted-rugs-sale-1/ols/products/decorative-hand-knotted-soft-colors-oushak-design--size-8ft-by-10ft--made-of-100-pure-wool--new,"$4,500.00","$3,200.00",https://img1.wsimg.com/isteam/ip/6297fd88-bda9-4967-b377-b62716f47e9a/ols/1000006624.jpg,4
53,Decorative Hand Knotted Oushak design size 8ft by 10ft made of 100% pure wool pile NEW,https://baseerorientalrugs.com/hand-kotted-rugs-sale-1/ols/products/decorative-hand-knotted-oushak--design-size-8ft-by-10ft-made-of-100-pure-wool-pile--new,"$4,500.00","$3,200.00",https://img1.wsimg.com/isteam/ip/6297fd88-bda9-4967-b377-b62716f47e9a/ols/1000006626.jpg,4
54,Decorative hand Knotted 100% pure wool oushak design size 6ft x 9ft new soft colors,https://baseerorientalrugs.com/hand-kotted-rugs-sale-1/ols/products/decorative-hand-knotted-100-wool-oushak-design-size-6x9ft,"$3,500.00","$1,500.00",https://img1.wsimg.com/isteam/ip/6297fd88-bda9-4967-b377-b62716f47e9a/ols/1000006375.jpg,4
55,Decorative 100% hand Knotted soft colors oushak design 100% pure wool rug size 8ft x 10ft new (BIG SAVING on this rug),https://baseerorientalrugs.com/hand-kotted-rugs-sale-1/ols/products/decorative-hand-knotted-oushak-design-100wool-rug-size-8x10ft,"$4,500.00","$3,200.00",https://img1.wsimg.com/isteam/ip/6297fd88-bda9-4967-b377-b62716f47e9a/ols/1000006629.jpg,4
56,Antique hand knotted authentic Caucasian shirvan size 3ft 6 inches by 5ft circa 1880s,https://baseerorientalrugs.com/hand-kotted-rugs-sale-1/ols/products/antique-caucasian-shirvan-size-3x5,"$3,900.00","$2,250.00",https://img1.wsimg.com/isteam/ip/6297fd88-bda9-4967-b377-b62716f47e9a/ols/1000006859.jpg,4
57,"Decorative hand Knotted silk and wool modern design size 8ft 10"" by 12ft soft colors",https://baseerorientalrugs.com/hand-kotted-rugs-sale-1/ols/products/decorative-hand-knotted-silk-and-wool-modern-design-size-8ft-10-by-12ft-soft-colors,"$6,500.00","$3,900.00",https://img1.wsimg.com/isteam/ip/6297fd88-bda9-4967-b377-b62716f47e9a/ols/1000005565.jpg,4
58,Decorative handknotted 100% pure wool pile and cotton foundation transitional design size 9ft by 12ft,https://baseerorientalrugs.com/hand-kotted-rugs-sale-1/ols/products/decorative-handknotted-100-pure-wool-pile-and-cotton-foundation-transitional-design-size-9ft-by-12ft,"$5,900.00","$3,700.00",https://img1.wsimg.com/isteam/ip/6297fd88-bda9-4967-b377-b62716f47e9a/ols/1000005284.jpg,4
59,(sold) Decorative hand knotted silk & wool very fine modern design rug size 9ft by 12ft,https://baseerorientalrugs.com/hand-kotted-rugs-sale-1/ols/products/decorative-hand-knotted-silk--wool-very-fine-modern-design-rug-size-9ft-by-12ft,"$6,500.00","$3,900.00",https://img1.wsimg.com/isteam/ip/6297fd88-bda9-4967-b377-b62716f47e9a/ols/1000004814.jpg,4
60,Decorative hand knotted silk & wool modern design rug size 9ft by 12ft with cotton foundation,https://baseerorientalrugs.com/hand-kotted-rugs-sale-1/ols/products/decorative-hand-knotted-silk--wool-modern-design-rug-size-9ft-by-12ft-with-cotton-foundation,"$6,500.00","$3,500.00",https://img1.wsimg.com/isteam/ip/6297fd88-bda9-4967-b377-b62716f47e9a/ols/1000004815.jpg,5
61,"Antique hand knottted traditional Persian saroke design size 2'5"" by 5ft circa 1900",https://baseerorientalrugs.com/hand-kotted-rugs-sale-1/ols/products/antique-hand-knottted-traditional-persian-saroke-design-size-25-by-5ft-circa-1900,"$1,450.00",$590.00,https://img1.wsimg.com/isteam/ip/6297fd88-bda9-4967-b377-b62716f47e9a/ols/1000004762.jpg,5
62,Decorative 100% handknotted antique look 100% pure wool pile and cotton foundation sultanabad design size 8ft by 10ft New (BIG SAVING on this rug),https://baseerorientalrugs.com/hand-kotted-rugs-sale-1/ols/products/decorative-handknotted-antique-look-100-pure-wool-pile-and-cotton-foundation-sultanabad-design-size-8ft-by-10ft--new,"$4,900.00","$2,450.00",https://img1.wsimg.com/isteam/ip/6297fd88-bda9-4967-b377-b62716f47e9a/ols/1000004761.jpg,5
63,"Antique Hand knotted Coucasian Kazakh design Size 3ft 10"" x 7ft 8"" 100% pure wool Circa 1900s",https://baseerorientalrugs.com/hand-kotted-rugs-sale-1/ols/products/antique-hand-knotted-coucasian-kazakh-design-size-3ft-10-x-7ft-8-100-pure-wool-circa-1900s,"$4,500.00","$2,750.00",https://img1.wsimg.com/isteam/ip/6297fd88-bda9-4967-b377-b62716f47e9a/ols/1000003236.jpg,5
64,"Antique Hand knotted Coucasian shirvan design Size 3ft 8"" x6ft 1 100% pure wool Circa 1900s",https://baseerorientalrugs.com/hand-kotted-rugs-sale-1/ols/products/antique-hand-knotted-coucasian-shirvan-design-size-3ft-8-x6ft-1-100-pure-wool-circa-1900s,"$4,500.00","$2,750.00",https://img1.wsimg.com/isteam/ip/6297fd88-bda9-4967-b377-b62716f47e9a/ols/1000003235.jpg,5
65,"(SOLD) Antique Hand knotted Tribal Design Persian rug Size 3ft 8"" by 5ft 7"" 100% pure wool Circa 1920s",https://baseerorientalrugs.com/hand-kotted-rugs-sale-1/ols/products/antique-hand-knotted-tribal-design-persian-rug-size-3ft-8-by-5ft-7-100-pure-wool-circa-1920s,"$2,900.00","$1,750.00",https://img1.wsimg.com/isteam/ip/6297fd88-bda9-4967-b377-b62716f47e9a/ols/1000003231.jpg,5
66,"Decorative 100% pure wool hand made European design needles point rug size 12ft by 15ft 5 """,https://baseerorientalrugs.com/hand-kotted-rugs-sale-1/ols/products/decorative-100-pure-wool-hand-made-european-design-needles-point-rug-size-12ft-by-15ft-5-,"$8,900.00","$5,500.00",https://img1.wsimg.com/isteam/ip/6297fd88-bda9-4967-b377-b62716f47e9a/ols/1000002907.jpg,5
67,Antique Hand knotted authentic Persian Sarouk faraghan design Size 9ft by 11ft 5 inches 100% pure wool Circa 1900s,https://baseerorientalrugs.com/hand-kotted-rugs-sale-1/ols/products/antique-hand-knotted-authentic-persian-sarouk-faraghan-design-size-9ft-by-11ft-5-inches-100-pure-wool-circa-1900s,"$9,900.00","$6,500.00",https://img1.wsimg.com/isteam/ip/6297fd88-bda9-4967-b377-b62716f47e9a/ols/1000002463.jpg,5
68,Decorative 100% pure soft wool hand knotted Savanery design rug size 10'x14'ft,https://baseerorientalrugs.com/hand-kotted-rugs-sale-1/ols/products/decorative-100-pure-soft-wool-hand-knotted-savanery-design-rug-size-10x14ft,"$7,900.00","$4,500.00",https://img1.wsimg.com/isteam/ip/6297fd88-bda9-4967-b377-b62716f47e9a/ols/1000001619.jpg,5
69,Design by Michaelian & Kohlberg 100% pure wool pile and cotton foundation hand knotted rug size 9x12 ft vintage like new ✨️,https://baseerorientalrugs.com/hand-kotted-rugs-sale-1/ols/products/design-by-michaelian-kohlberg-100-pure-wool-pile-and-cotton-foundation-hand-knotted-rug-size-9x12-ft-vintage,"$6,900.00","$3,500.00",https://img1.wsimg.com/isteam/ip/6297fd88-bda9-4967-b377-b62716f47e9a/ols/1000030708.jpg,5
70,Decorative Hand Knotted Antique Persian saruke mehajeran size 4ft by 6ft 8inches circa 1900s 100% wool pile and cotton foundation,https://baseerorientalrugs.com/hand-kotted-rugs-sale-1/ols/products/decorative-hand-knotted-antique-persian-saruke-mehajeran,"$6,500.00","$3,500.00",https://img1.wsimg.com/isteam/ip/6297fd88-bda9-4967-b377-b62716f47e9a/ols/1000030429.jpg,5
71,"Decorative hand Knotted beautiful authentic Persian Tabriz size 6ft 8"" by 9ft 10"" made of 100% pure silk and wool",https://baseerorientalrugs.com/hand-kotted-rugs-sale-1/ols/products/transitional-hand-knotted-beautiful-persian-tabriz-size-6ft-8-by-9ft-10,"$7,500.00","$5,250.00",https://img1.wsimg.com/isteam/ip/6297fd88-bda9-4967-b377-b62716f47e9a/ols/1000030524.jpg,5
72,"beautiful hand knotted decorative authentic art deco Chinese rug size 3ft by 4ft 8"" circa 1920s 100% wool pile and cotton foundation",https://baseerorientalrugs.com/hand-kotted-rugs-sale-1/ols/products/beautiful-hand-knotted-decorative-authentic-art-deco-chinese-rug-size-3x5,"$2,200.00","$1,290.00",https://img1.wsimg.com/isteam/ip/6297fd88-bda9-4967-b377-b62716f47e9a/ols/1000030219.jpg,5
73,"art deco Chinese rug made of 100% wool pile and cotton foundation SIZE 7ft 7"" by 10ft",https://baseerorientalrugs.com/hand-kotted-rugs-sale-1/ols/products/art-deco-chinese-rug-made-of-100-wool-pile-and-cotton-foundation,"$4,500.00","$1,350.00",https://img1.wsimg.com/isteam/ip/6297fd88-bda9-4967-b377-b62716f47e9a/ols/1000029703.jpg,5
74,"Antique hand knotted authentic Caucasian runner size 3ft 4"" by 10ft 6"" circa 1900s",https://baseerorientalrugs.com/hand-kotted-rugs-sale-1/ols/products/antique-hand-knotted-authentic-caucasian-runner-size-3ft-4-by-10ft-6-circa-1900s,"$5,900.00","$3,500.00",https://img1.wsimg.com/isteam/ip/6297fd88-bda9-4967-b377-b62716f47e9a/ols/1000029631.jpg,5
75,"Antique hand knotted Caucasian kazakh design runner size 3ft 6"" by 11ft circa 1900s 100% pure wool",https://baseerorientalrugs.com/hand-kotted-rugs-sale-1/ols/products/antique-hand-knotted-caucasian-kazakh-design-runner-size-3ft-6-by-11ft-circa-1900s-100-pure-wool,"$5,500.00","$3,500.00",https://img1.wsimg.com/isteam/ip/6297fd88-bda9-4967-b377-b62716f47e9a/ols/1000029442.jpg,6
76,"Antique Hand Knotted Caucasian shirvan design runner size 3ft 3"" by 7ft 4"" circa 1880s 100% pure wool",https://baseerorientalrugs.com/hand-kotted-rugs-sale-1/ols/products/antique-hand-knotted-caucasian-shirvan-design-runner-size-3ft-3-by-7ft-4-circa-1880s-100-pure-wool,"$5,900.00","$3,900.00",https://img1.wsimg.com/isteam/ip/6297fd88-bda9-4967-b377-b62716f47e9a/ols/1000029419.jpg,6
77,"Antique hand knotted authentic Caucasian shirvan design size 3ft7"" by 6ft 11"" circa 1880s",https://baseerorientalrugs.com/hand-kotted-rugs-sale-1/ols/products/antique-hand-knotted-authentic-caucasian-shirvan-design-size-3ft7-by-6ft-11-circa-1880s,"$5,750.00","$3,500.00",https://img1.wsimg.com/isteam/ip/6297fd88-bda9-4967-b377-b62716f47e9a/ols/1000029368.jpg,6
78,"(SOLD) Antique hand knotted authentic Caucasian shirvan design rug size 3'6"" by 5ft 9"" circa 1880s",https://baseerorientalrugs.com/hand-kotted-rugs-sale-1/ols/products/antique-hand-knotted-authentic-caucasian-shirvan-design-rug-size-36-by-5ft-9-circa-1880s,"$5,750.00","$3,500.00",https://img1.wsimg.com/isteam/ip/6297fd88-bda9-4967-b377-b62716f47e9a/ols/1000029364.jpg,6
79,"Antique hand knotted authentic Persian saruke mehajeran size 7ft 8""× 15ft circa 1900s",https://baseerorientalrugs.com/hand-kotted-rugs-sale-1/ols/products/antique-hand-knotted-authentic-persian-saruke-mehajeran,"$12,900.00","$6,500.00","https://img1.wsimg.com/isteam/ip/6297fd88-bda9-4967-b377-b62716f47e9a/ols/1000029083.jpg/:/rs=w:600,h:600",6
80,decorative hand knotted garden design rug size 10ft by 18ft 100% pure wool,https://baseerorientalrugs.com/hand-kotted-rugs-sale-1/ols/products/decorative-hand-knotted-garden-design-rug-size-10ft-by-18,"$16,900.00","$9,500.00",https://img1.wsimg.com/isteam/ip/6297fd88-bda9-4967-b377-b62716f47e9a/ols/1000029179-92f1d72.jpg,6
81,"decorative 100% wool rug Anatolia oriental weavers size 5ft 4"" x 7ft 8""",https://baseerorientalrugs.com/hand-kotted-rugs-sale-1/ols/products/decorative-wool-rug,"$1,590.00",$750.00,https://img1.wsimg.com/isteam/ip/6297fd88-bda9-4967-b377-b62716f47e9a/ols/1000029155.jpg,6
82,"Decorative 100% wool rug Anatolia oriental weavers size 9ft 10"" by 12ft 4""",https://baseerorientalrugs.com/hand-kotted-rugs-sale-1/ols/products/decorative-100-wool-rug-size-10ft-10-by-12ft-4,"$4,500.00","$2,200.00",https://img1.wsimg.com/isteam/ip/6297fd88-bda9-4967-b377-b62716f47e9a/ols/1000029119.jpg,6
83,"Decorative Hand Knotted design 100% pure wool pile rug size 4ft1""×5ft7"" vintage",https://baseerorientalrugs.com/hand-kotted-rugs-sale-1/ols/products/modern-design,$900.00,$270.00,https://img1.wsimg.com/isteam/ip/6297fd88-bda9-4967-b377-b62716f47e9a/ols/1000029088.jpg,6
84,"Decorative handwoven 100% wool Afghan killim maimana size 8'4""×13'7"" circa 1950s",https://baseerorientalrugs.com/hand-kotted-rugs-sale-1/ols/products/afghan-killim,"$5,900.00","$1,770.00",https://img1.wsimg.com/isteam/ip/6297fd88-bda9-4967-b377-b62716f47e9a/ols/1000028914.jpg,6
85,"Hand Knotted authentic art deco Chinese rug wool pile and cotton foundation SIZE 4'1""×5'7"" circa 1900s",https://baseerorientalrugs.com/hand-kotted-rugs-sale-1/ols/products/art-deco,"$2,500.00","$1,250.00",https://img1.wsimg.com/isteam/ip/6297fd88-bda9-4967-b377-b62716f47e9a/ols/1000028811.jpg,6
86,"fine quality traditional hand knotted authentic Persian Tabriz size 9'9"" x 12'4"" circa 1950s",https://baseerorientalrugs.com/hand-kotted-rugs-sale-1/ols/products/fine-quality-traditional-hand-knotted-authentic-persian-tabriz-size-10x1,"$18,500.00","$10,500.00",https://img1.wsimg.com/isteam/ip/6297fd88-bda9-4967-b377-b62716f47e9a/ols/1000028609.jpg,6
87,"decorative hand knotted garden design rug size 6ft by 7ft 8"" 100% pure wool",https://baseerorientalrugs.com/hand-kotted-rugs-sale-1/ols/products/decorative-hand-knotted-garden-design-rug,"$2,900.00","$1,450.00",https://img1.wsimg.com/isteam/ip/6297fd88-bda9-4967-b377-b62716f47e9a/ols/1000028313.jpg,6
88,Decorative Hand Knotted 100% wool rug size 9x12 ft new Indian rug,https://baseerorientalrugs.com/hand-kotted-rugs-sale-1/ols/products/decorative-hand-knotted-100-wool-rug-size-9x12-ft-new,"$3,900.00","$1,170.00",https://img1.wsimg.com/isteam/ip/6297fd88-bda9-4967-b377-b62716f47e9a/ols/1000028205.jpg,6
89,Antique hand knotted authentic Persian saruke design circa 1920s size 11ft by 17ft 100% pure wool pile and cotton foundation,https://baseerorientalrugs.com/hand-kotted-rugs-sale-1/ols/products/antique-hand-knotted-authentic-persian-saruke-circa-1920s-size-11ftby,"$17,900.00","$12,500.00",https://img1.wsimg.com/isteam/ip/6297fd88-bda9-4967-b377-b62716f47e9a/ols/1000027943.jpg,6
90,"Large hand knotted antique Persian tabriz design size 11'2""×19'4"" circa 1900s 100% pure wool pile and cotton foundation",https://baseerorientalrugs.com/hand-kotted-rugs-sale-1/ols/products/xn-large-hand-knotted-antique-persian-tabriz-design-size-112194-circa-1900s-100-pure-wool-pile-and-cotton-foundation-8ti,"$35,000.00","$22,500.00",https://img1.wsimg.com/isteam/ip/6297fd88-bda9-4967-b377-b62716f47e9a/ols/1000027010.jpg,7
91,"Decorative hand knotted Sultanabad design Afghan rug size 11'x17'9"" 100% pure wool pile and cotton foundation",https://baseerorientalrugs.com/hand-kotted-rugs-sale-1/ols/products/decorative-hand-knotted-sultanabad-design-afghan-rug-size-11x179-100-pure-wool-pile-and-cotton-foundation,"$12,900.00","$6,500.00",https://img1.wsimg.com/isteam/ip/6297fd88-bda9-4967-b377-b62716f47e9a/ols/1000026940.jpg,7
92,"Decorative hand knotted authentic Persian Kashan size 10'9""×17' 100% pure wool pile and cotton foundation circa 1950s",https://baseerorientalrugs.com/hand-kotted-rugs-sale-1/ols/products/xn-decorative-hand-knotted-authentic-persian-kashan-size-10917-100-pure-wool-pile-and-cotton-foundation-circa-1950s-9oi,"$11,900.00","$6,500.00",https://img1.wsimg.com/isteam/ip/6297fd88-bda9-4967-b377-b62716f47e9a/ols/1000027025.jpg,7
93,Decorative hand knotted fine quality traditional Persian Tabriz design size 9x12ft vintage,https://baseerorientalrugs.com/hand-kotted-rugs-sale-1/ols/products/decorative-hand-knotted-fine-quality-traditional-persian-tabriz-design-size-9x12ft-vintage,"$7,900.00","$3,900.00",https://img1.wsimg.com/isteam/ip/6297fd88-bda9-4967-b377-b62716f47e9a/ols/1000026861.jpg,7
94,Decorative Hand Knotted authentic Persian Kashan size 10x14ft circa 1950s 100% pure wool pile and cotton foundation,https://baseerorientalrugs.com/hand-kotted-rugs-sale-1/ols/products/decorative-hand-knotted-authentic-persian-kashan-size-10x14ft-circa-1950s-100-pur,"$9,900.00","$6,500.00",https://img1.wsimg.com/isteam/ip/6297fd88-bda9-4967-b377-b62716f47e9a/ols/1000026413.jpg,7
95,Decorative hand knotted authentic Persian heriz design size 10x13ft 100% pure wool pile and cotton foundation,https://baseerorientalrugs.com/hand-kotted-rugs-sale-1/ols/products/decorative-hand-knotted-authentic-persian-heriz-design-size-10x13ft-100-pure-wool-pile-and-cotton-foundation,"$14,900.00","$9,500.00",https://img1.wsimg.com/isteam/ip/6297fd88-bda9-4967-b377-b62716f47e9a/ols/1000026224.jpg,7
96,Decorative Hand Knotted large Agra design size 9x12ft vintage 100% pure wool pile and cotton foundation,https://baseerorientalrugs.com/hand-kotted-rugs-sale-1/ols/products/decorative-hand-knotted-large-agra-design-size-9x12ft-vintage,"$5,900.00","$1,770.00",https://img1.wsimg.com/isteam/ip/6297fd88-bda9-4967-b377-b62716f47e9a/ols/1000026286.jpg,7
97,"Antique hand knotted authentic Caucasian kazakh design size 3ft3""x6ft circa 1880s 100% pure wool",https://baseerorientalrugs.com/hand-kotted-rugs-sale-1/ols/products/antique-hand-knotted-authentic-caucasian-kazakh-design-size-3x6ft-circa-1880s-100-pure-wool,"$2,900.00","$1,650.00",https://img1.wsimg.com/isteam/ip/6297fd88-bda9-4967-b377-b62716f47e9a/ols/1000025979.jpg,7
98,"Antique hand knotted authentic art deco Chinese rug size 2ft10"" x 4ft8"" 100% pure wool circa 1920s",https://baseerorientalrugs.com/hand-kotted-rugs-sale-1/ols/products/antique-hand-knotted-authentic-art-deco-chinese-rug-size-3x5ft,"$1,490.00",$850.00,https://img1.wsimg.com/isteam/ip/6297fd88-bda9-4967-b377-b62716f47e9a/ols/1000026091.jpg,7
99,"Antique hand knotted authentic Persian allover heriz design size 8'11""×12ft circa 1900s 100% pure wool pile and cotton foundation",https://baseerorientalrugs.com/hand-kotted-rugs-sale-1/ols/products/xn-antique-hand-knotted-authentic-persian-allover-heriz-design-size-81112ft-circa-1900s-100-pure-wool-pile-and-cotton-foundation-xhj,"$14,900.00","$8,900.00",https://img1.wsimg.com/isteam/ip/6297fd88-bda9-4967-b377-b62716f47e9a/ols/1000025761.jpg,7
100,Decorative hand knotted authentic Turkish Hereke rug size 7ft x 10ft 100% pure silk pile and cotton foundation,https://baseerorientalrugs.com/hand-kotted-rugs-sale-1/ols/products/decorative-hand-knotted-authentic-turkish-hereke-rug-size-7ft-x-10ft-100-pure-silk-pile-and-cotton-foundation,"$7,900.00","$2,370.00",https://img1.wsimg.com/isteam/ip/6297fd88-bda9-4967-b377-b62716f47e9a/ols/1000025600.jpg,7
101,"Decorative hand knotted antique Moraccan design tible rug size 6'1""x7'6"" circa 1950s 100% pure wool pile",https://baseerorientalrugs.com/hand-kotted-rugs-sale-1/ols/products/gabeh-rug,"$2,500.00",$750.00,https://img1.wsimg.com/isteam/ip/6297fd88-bda9-4967-b377-b62716f47e9a/ols/1000025536.jpg,7
102,Decorative hand knotted beautiful horses 100% wool rug 🐎 size 6ft by 9ft circa 1950s,https://baseerorientalrugs.com/hand-kotted-rugs-sale-1/ols/products/xn-decorative-hand-knotted-beautiful-horses-size-6ft-by-9ft-circa-1950s-ch625e,"$3,900.00","$1,170.00",https://img1.wsimg.com/isteam/ip/6297fd88-bda9-4967-b377-b62716f47e9a/ols/1000025541.jpg,7
103,"Decorative beautifull blue Afghan kazakh design runner made of 100% pure wool size 2'7""x10' ft",https://baseerorientalrugs.com/hand-kotted-rugs-sale-1/ols/products/afghan-kazakh-design-runner,"$2,290.00","$1,450.00",https://img1.wsimg.com/isteam/ip/6297fd88-bda9-4967-b377-b62716f47e9a/ols/1000025193.jpg,7
104,"(sold) Decorative Antique hand knotted Caucasian shirvan design size 3'7""x5'8"" circa 1880s 100% pure wool rug",https://baseerorientalrugs.com/hand-kotted-rugs-sale-1/ols/products/antique-hand-knotted-caucasian-shirvan,"$3,900.00","$2,500.00",https://img1.wsimg.com/isteam/ip/6297fd88-bda9-4967-b377-b62716f47e9a/ols/1000025252.jpg,7
105,"Antique hand knotted authentic Persian Bakhshayesh design size 2ft 7"" by 13ft circa 1900s 100% wool pile and cotton foundation",https://baseerorientalrugs.com/hand-kotted-rugs-sale-1/ols/products/antique-hand-knotted-authentic-persian-bakhshayesh-design-size-2ft-7-by-13ft-circa-1900s-100-wool-pile-and-cotton-foundation,"$5,900.00","$2,900.00",https://img1.wsimg.com/isteam/ip/6297fd88-bda9-4967-b377-b62716f47e9a/ols/1000024895.jpg,8
106,Decorative hand knotted authentic Caucasian kazakh design 100% wool size 3ft by 5ft Circa 1900s,https://baseerorientalrugs.com/hand-kotted-rugs-sale-1/ols/products/decorative-hand-knotted-authentic-caucasian-kazakh-design-100-wool-size-3ft-by-5ft-circa-1900s,"$2,900.00","$1,750.00",https://img1.wsimg.com/isteam/ip/6297fd88-bda9-4967-b377-b62716f47e9a/ols/1000024901.jpg,8
107,"Decorative hand knotted authentic Persian Tribal Design size 5ft by 8ft 10"" circa 1950s",https://baseerorientalrugs.com/hand-kotted-rugs-sale-1/ols/products/decorative-hand-knotted-authentic-persian-tribal-design-size-5ft-by-8ft-10-circa-1950s,"$2,900.00","$1,250.00",https://img1.wsimg.com/isteam/ip/6297fd88-bda9-4967-b377-b62716f47e9a/ols/1000024745.jpg,8
108,"Decorative antique hand knotted authentic Caucasian shirvan circa 1880s size 2ft3""×4ft wool rug",https://baseerorientalrugs.com/hand-kotted-rugs-sale-1/ols/products/xn-decorative-hand-knotted-authentic-caucasian-shirvan-circa-1880s-size-2ft34ft-rxf,"$1,990.00","$1,200.00",https://img1.wsimg.com/isteam/ip/6297fd88-bda9-4967-b377-b62716f47e9a/ols/1000024641.jpg,8
109,"Devorative hand knotted 100% pure wool Gabeh design rug size 2ft 1"" x 4ft 1""",https://baseerorientalrugs.com/hand-kotted-rugs-sale-1/ols/products/gabeh--rug,$690.00,$345.00,https://img1.wsimg.com/isteam/ip/6297fd88-bda9-4967-b377-b62716f47e9a/ols/1000024627.jpg,8
110,"light colored hand knotted runner 100% pure wool size 3ft 10"" x 13ft 10""",https://baseerorientalrugs.com/hand-kotted-rugs-sale-1/ols/products/light-colored-runner,"$2,900.00","$1,290.00",https://img1.wsimg.com/isteam/ip/6297fd88-bda9-4967-b377-b62716f47e9a/ols/1000024599.jpg,8
111,"Antique hand knotted authentic Caucasian Kazakh design size 4ft 4"" by 8ft 8"" circa 1880s 100% pure wool rug",https://baseerorientalrugs.com/hand-kotted-rugs-sale-1/ols/products/antique-hand-knotted-authentic-caucasian-kazakh-design-size-4ft-4-by-8f,"$7,500.00","$4,900.00",https://img1.wsimg.com/isteam/ip/6297fd88-bda9-4967-b377-b62716f47e9a/ols/1000024483.jpg,8
112,"Antique hand knotted authentic Caucasian rug size 2ft10""by 4ft 6"" circa 1880s 100% pure wool",https://baseerorientalrugs.com/hand-kotted-rugs-sale-1/ols/products/antique-hand-knotted-authentic-caucasianrug-size-2ft10by-4ft-6-circa-1880s,"$1,800.00","$1,200.00",https://img1.wsimg.com/isteam/ip/6297fd88-bda9-4967-b377-b62716f47e9a/ols/1000024490.jpg,8
113,Decorative beautiful hand knotted authentic Persian Afshar design 100% pure wool runner size 3ft by 19ft circa 1970,https://baseerorientalrugs.com/hand-kotted-rugs-sale-1/ols/products/decorative-beautiful-hand-knotted-authentic-persian-afshar-design-100-pure-wool-runner-size-3ft-by-19ft-circa-1970,"$4,900.00","$2,450.00",https://img1.wsimg.com/isteam/ip/6297fd88-bda9-4967-b377-b62716f47e9a/ols/1000023682.jpg,8
114,"decorative hand knotted Sultanabad design Afghan rug 100% pure wool pile and cotton foundation size 5'2""×7'8""",https://baseerorientalrugs.com/hand-kotted-rugs-sale-1/ols/products/xn-decorative-hand-knotted-sultanabad-design-afghan-rug-size-5278-24e,"$2,900.00",$870.00,https://img1.wsimg.com/isteam/ip/6297fd88-bda9-4967-b377-b62716f47e9a/ols/1000023628.jpg,8
115,"Decorative hand knotted authentic Persian tabriz rug size 4ft 5"" by 6ft 8"" circa 1930s 100% wool pile and cotton foundation",https://baseerorientalrugs.com/hand-kotted-rugs-sale-1/ols/products/tabrize-rug,"$2,900.00","$1,500.00",https://img1.wsimg.com/isteam/ip/6297fd88-bda9-4967-b377-b62716f47e9a/ols/1000023560.jpg,8
116,"collectable antique hand knotted authentic Caucasian Akstafa design size 2ft8"" by4ft2"" circa 1880s 💯 pure wool",https://baseerorientalrugs.com/hand-kotted-rugs-sale-1/ols/products/xn-collectable-antique-hand-knotted-authentic-caucasian-akstafa-design-size-2ft8-by4ft2-circa-1880s-pure-wool-0y617i,"$3,000.00","$1,750.00",https://img1.wsimg.com/isteam/ip/6297fd88-bda9-4967-b377-b62716f47e9a/ols/1000023350.jpg,8
117,Large hand knotted antique Persian tribal boteh design size 8ft by 19ft circa 1900s,https://baseerorientalrugs.com/hand-kotted-rugs-sale-1/ols/products/large-hand-knotted-antique-persian-tribal-boteh-design-size-8ft-b,"$14,900.00","$9,900.00",https://img1.wsimg.com/isteam/ip/6297fd88-bda9-4967-b377-b62716f47e9a/ols/1000023296.jpg,8
118,Decorative hand knotted authentic Caucasian 100% pure wool size 3x10ft circa 1900s,https://baseerorientalrugs.com/hand-kotted-rugs-sale-1/ols/products/decorative-hand-knotted-authentic-caucasian-100-pure-wool-size-3x10ft-circa-1900s,"$7,900.00","$4,500.00",https://img1.wsimg.com/isteam/ip/6297fd88-bda9-4967-b377-b62716f47e9a/ols/1000023250.jpg,8
119,"(sold) collectable antique hand Knotted authentic Caucasian Akstafa design size 2ft8""×4ft circa 1800s one of its",https://baseerorientalrugs.com/hand-kotted-rugs-sale-1/ols/products/xn-collectable-antique-hand-knotted-authentic-caucasian-akstafa-design-size-2ft84ft-circa-1800s-one-of-its-ish,"$2,900.00","$1,750.00",https://img1.wsimg.com/isteam/ip/6297fd88-bda9-4967-b377-b62716f47e9a/ols/1000023225.jpg,8
120,"Decorative hand knotted antique Persian Faraghan design made of 100% pure wool pile and cotton foundation size 5ft by 9ft 5"" circa 1940s5""",https://baseerorientalrugs.com/hand-kotted-rugs-sale-1/ols/products/decorative-hand-knotted-authentic-persian-faraghan-design-size-5ft-by-9ft-5,"$3,900.00","$2,200.00",https://img1.wsimg.com/isteam/ip/6297fd88-bda9-4967-b377-b62716f47e9a/ols/1000022928.jpg,9
121,"(SOLD) Decorative hand knotted authentic Caucasian shirvan design size 3'6 by 5'2"" circa 1880s 100% pure wool (colletor)",https://baseerorientalrugs.com/hand-kotted-rugs-sale-1/ols/products/caucasian-shirvan-design-size-36-by-52,"$4,900.00","$2,950.00",https://img1.wsimg.com/isteam/ip/6297fd88-bda9-4967-b377-b62716f47e9a/ols/1000022911.jpg,9
122,Decorative 100% Hand Knotted colorful 100% wool pile and cotton foundation Bijar design size 8ft by 10ft (BIG SAVING on this rug),https://baseerorientalrugs.com/hand-kotted-rugs-sale-1/ols/products/decorative-hand-knotted-colorful-100-bijar-design-size-8ft-b,"$5,900.00","$2,900.00",https://img1.wsimg.com/isteam/ip/6297fd88-bda9-4967-b377-b62716f47e9a/ols/1000022739.jpg,9
123,"Decorative hand knotted authentic Persian heriz serapies runner size 3'3""x15'6"" circa 1900s",https://baseerorientalrugs.com/hand-kotted-rugs-sale-1/ols/products/decorative-hand-knotted-authentic-persian-heriz-serapies-runner-size-33x156-circa-1900s,"$9,500.00","$5,750.00",https://img1.wsimg.com/isteam/ip/6297fd88-bda9-4967-b377-b62716f47e9a/ols/1000022611.jpg,9
124,"Antique hand knotted authentic Persian saruke malayer design size 9'8""×12'5"" circa 1900s",https://baseerorientalrugs.com/hand-kotted-rugs-sale-1/ols/products/xn-antique-hand-knotted-authentic-persian-saruke-malayer-design-size-98125-ci-nxf,"$9,500.00","$5,900.00",https://img1.wsimg.com/isteam/ip/6297fd88-bda9-4967-b377-b62716f47e9a/ols/1000022501.jpg,9
125,Decorative hand knotted tribal design 100% wool Persian runner size 3'x9' circa 1940s,https://baseerorientalrugs.com/hand-kotted-rugs-sale-1/ols/products/decorative-hand-knotted-tribal-design-persian-runner-size-36-x,"$2,900.00","$1,550.00",https://img1.wsimg.com/isteam/ip/6297fd88-bda9-4967-b377-b62716f47e9a/ols/1000022195.jpg,9
126,"Antique hand knotted authentic art deco Chinese rug size 8'9""x11ft 1"" circa 1900s beautiful gold",https://baseerorientalrugs.com/hand-kotted-rugs-sale-1/ols/products/antique-hand-knotted-authentic-art-deco-chinese-rug-size-9x11ft-circa-1900s-vin,"$6,500.00","$3,500.00",https://img1.wsimg.com/isteam/ip/6297fd88-bda9-4967-b377-b62716f47e9a/ols/1000022014.jpg,9
127,"Antique hand knotted soft colors traditional Persian Tabriz design rug made of 100% wool and cotton foundation siz 9'9""x15'10""",https://baseerorientalrugs.com/hand-kotted-rugs-sale-1/ols/products/antique-traditional-persian-tabriz,"$9,500.00","$7,500.00",https://img1.wsimg.com/isteam/ip/6297fd88-bda9-4967-b377-b62716f47e9a/ols/1000022065.jpg,9
128,"Beautiful hand knotted antique Art deco Chinese rug size 8'9"" by 11'1"" circa 1920s emerald green",https://baseerorientalrugs.com/hand-kotted-rugs-sale-1/ols/products/art-deco-chinese-rug,"$6,500.00","$3,900.00",https://img1.wsimg.com/isteam/ip/6297fd88-bda9-4967-b377-b62716f47e9a/ols/1000021851-8c89171.jpg,9
129,"Decorative hand knotted Isfahan design size 9'1""×12'8"" made of 100% pure wool pile and cotton foundation, vintage",https://baseerorientalrugs.com/hand-kotted-rugs-sale-1/ols/products/xn-decorative-hand-knotted-isfahan-design-size-91128-made-of-100-pure-wool-pile-and-cotton-foundation-vintage-0ei,"$7,900.00","$2,370.00",https://img1.wsimg.com/isteam/ip/6297fd88-bda9-4967-b377-b62716f47e9a/ols/1000021442.jpg,9
130,"Antique hand knotted authentic Caucasian kazakh design circa 1837 size 4'9""×7'10"" made of 💯 % pure wool.",https://baseerorientalrugs.com/hand-kotted-rugs-sale-1/ols/products/kazakh-wool-rug,"$9,500.00","$4,900.00",https://img1.wsimg.com/isteam/ip/6297fd88-bda9-4967-b377-b62716f47e9a/ols/1000021382.jpg,9
131,"Fine quality hand knotted authentic Persian Tabriz size 2'9"" x11ft made of 💯 % pure silk and wool circa 1970s",https://baseerorientalrugs.com/hand-kotted-rugs-sale-1/ols/products/rug-ruuner,"$6,500.00","$2,900.00",https://img1.wsimg.com/isteam/ip/6297fd88-bda9-4967-b377-b62716f47e9a/ols/1000021360.jpg,9
132,"Decorative hand knotted 100% pure wool afghan kazakh design size 8'3""×12'2""",https://baseerorientalrugs.com/hand-kotted-rugs-sale-1/ols/products/xn-decorative-hand-knotted-100-pure-wool-afghan-kazakh-design-size-83122-5pf,"$5,900.00","$3,900.00",https://img1.wsimg.com/isteam/ip/6297fd88-bda9-4967-b377-b62716f47e9a/ols/1000021158.jpg,9
133,"Large Hand-Knotted antique authentic Persian Kerman design rug size 10ft by 19'9"" circa 1920s",https://baseerorientalrugs.com/hand-kotted-rugs-sale-1/ols/products/large-hand-knotted-antique-authentic-persian-kerman-design-rug-size-10ft-by-199-circa-1920s,"$12,500.00","$7,900.00",https://img1.wsimg.com/isteam/ip/6297fd88-bda9-4967-b377-b62716f47e9a/ols/1000020604.jpg,9
134,Decorative hand knotted Nepali design 100% pure wool pile rug size 9x12 vint,https://baseerorientalrugs.com/hand-kotted-rugs-sale-1/ols/products/decorative-hand-knotted-nepali-design-100-pure-wool-pile-rug-size-9x12-vint,"$5,900.00","$1,770.00",https://img1.wsimg.com/isteam/ip/6297fd88-bda9-4967-b377-b62716f47e9a/ols/1000020497.jpg,9
135,"antique Persian Tabriz design size 6'8""×9'8"" circa 1900s",https://baseerorientalrugs.com/hand-kotted-rugs-sale-1/ols/products/xn-antique-persian-tabriz-design-size-6898-circa-1900s-2ce,"$6,500.00","$3,500.00",https://img1.wsimg.com/isteam/ip/6297fd88-bda9-4967-b377-b62716f47e9a/ols/1000020459.jpg,10
136,Decorative hand knotted 100% pure wool pile Tabriz design size 6'x9',https://baseerorientalrugs.com/hand-kotted-rugs-sale-1/ols/products/decorative-hand-knotted-100-pure-wool-pile-tabriz-design-size-6x9,"$3,900.00","$1,170.00",https://img1.wsimg.com/isteam/ip/6297fd88-bda9-4967-b377-b62716f47e9a/ols/1000020223.jpg,10
137,"Decorative antique look 100% pure wool handknotted Afghan kazakh design size 5'10""x8'7""",https://baseerorientalrugs.com/hand-kotted-rugs-sale-1/ols/products/kazakh-r,"$2,900.00",$870.00,https://img1.wsimg.com/isteam/ip/6297fd88-bda9-4967-b377-b62716f47e9a/ols/1000020205.jpg,10
138,"Decorative antique 100% pure wool very fine authentic Persian Saroke design size 10'1""x13'8"" circa 1920s",https://baseerorientalrugs.com/hand-kotted-rugs-sale-1/ols/products/saroke-rug,"$11,500.00","$6,900.00",https://img1.wsimg.com/isteam/ip/6297fd88-bda9-4967-b377-b62716f47e9a/ols/1000017764.jpg,10
139,"Decorative 100% pure wool handknotted Afghan Kazakh design size 6'ft by8'8"" inches soft colors",https://baseerorientalrugs.com/hand-kotted-rugs-sale-1/ols/products/afghan-rug,"$4,500.00","$1,850.00",https://img1.wsimg.com/isteam/ip/6297fd88-bda9-4967-b377-b62716f47e9a/ols/1000020173.jpg,10
140,Decorative 100% pure silk very fine authentic Persian Isfahan design size 3'ft by 5'ft circa 1950s,https://baseerorientalrugs.com/hand-kotted-rugs-sale-1/ols/products/silk-ru,"$2,500.00","$1,500.00",https://img1.wsimg.com/isteam/ip/6297fd88-bda9-4967-b377-b62716f47e9a/ols/1000017309.jpg,10
141,"Decorative beautiful scenery design 100% pure wool and silk authentic Persian rug size 4'7""X7'FT circa 1950s",https://baseerorientalrugs.com/hand-kotted-rugs-sale-1/ols/products/rug-picture,"$4,900.00","$2,900.00",https://img1.wsimg.com/isteam/ip/6297fd88-bda9-4967-b377-b62716f47e9a/ols/1000017244.jpg,10
142,Decorative 100% pure silk & wool handwoven Persian Isfahan design size 3'ft by 5'ft Vintage,https://baseerorientalrugs.com/hand-kotted-rugs-sale-1/ols/products/silk-rug,"$2,500.00","$1,500.00",https://img1.wsimg.com/isteam/ip/6297fd88-bda9-4967-b377-b62716f47e9a/ols/1000017310.jpg,10
143,"Antique hand knotted authentic Persian Tabriz design made of 100% pure silk pile and silk foundation size 4'7""x6'7"" circa 1930s",https://baseerorientalrugs.com/hand-kotted-rugs-sale-1/ols/products/antique-hand-knotted-authentic-persian-tabriz-design-made-of-100-pure-silk-pile-and-silk-foundation-size-47x67-circa-1930s,"$6,900.00","$3,500.00",https://img1.wsimg.com/isteam/ip/6297fd88-bda9-4967-b377-b62716f47e9a/ols/1000017248.jpg,10
144,"Very fine quality Antique hand knotted authentic Persian Isfahan rug size 4'7""x7' made of 100% pure wool circa 1900s",https://baseerorientalrugs.com/hand-kotted-rugs-sale-1/ols/products/antique-hand-knotted-authentic-persian-rug-size-4x7-circa-1900s,"$16,000.00","$6,900.00",https://img1.wsimg.com/isteam/ip/6297fd88-bda9-4967-b377-b62716f47e9a/ols/1000017246.jpg,10
145,"decorative handwoven 💯% pure silk antique Persian Isfahan rug size 4'4""x 6'7"" cirac 1920",https://baseerorientalrugs.com/hand-kotted-rugs-sale-1/ols/products/xn-decorative-handwoven-pure-silk-rug-tv091b,"$15,000.00","$6,900.00",https://img1.wsimg.com/isteam/ip/6297fd88-bda9-4967-b377-b62716f47e9a/ols/1000017250.jpg,10
146,"Hand knotted 100% pure wool very fine Persian Tabriz design size 6ft by 8'8"" circa 1970s",https://baseerorientalrugs.com/hand-kotted-rugs-sale-1/ols/products/hand-knotted-100-pure-wool-very-fine-persian-tabriz-design-size-6ft-by-88-circa-1970s,"$4,500.00","$2,500.00",https://img1.wsimg.com/isteam/ip/6297fd88-bda9-4967-b377-b62716f47e9a/ols/1000019874.jpg,10
147,"Antique hand knottted traditional Afghan elephant foot design size 8'2""x8'7"" circa 1900 made of 100% pure wool",https://baseerorientalrugs.com/hand-kotted-rugs-sale-1/ols/products/traditional-afgha,"$4,500.00","$1,900.00",https://img1.wsimg.com/isteam/ip/6297fd88-bda9-4967-b377-b62716f47e9a/ols/1000018995.jpg,10
148,"Antique hand knottted Khottan design size 4'1""x7'4"" circa 1900 vintage need work, selling as it is",https://baseerorientalrugs.com/hand-kotted-rugs-sale-1/ols/products/khottan,"$1,500.00",$450.00,https://img1.wsimg.com/isteam/ip/6297fd88-bda9-4967-b377-b62716f47e9a/ols/1000018998.jpg,10
149,"Decorative 100% hand knottted Persian Herize design rug size 6'4""x9'7"" circa 1940s 100% pure wool (BIG SAVING on this rug)",https://baseerorientalrugs.com/hand-kotted-rugs-sale-1/ols/products/herize,"$5,900.00","$2,500.00",https://img1.wsimg.com/isteam/ip/6297fd88-bda9-4967-b377-b62716f47e9a/ols/1000018989.jpg,10
150,"Antique 100% hand knottted traditional Afghan elephant foot design size 7'3""x11'3"" circa 1900 (BIG SAVING on this rug)",https://baseerorientalrugs.com/hand-kotted-rugs-sale-1/ols/products/turkman,"$5,500.00","$2,500.00",https://img1.wsimg.com/isteam/ip/6297fd88-bda9-4967-b377-b62716f47e9a/ols/1000018993.jpg,11
151,"Decorative hand knottted Persian Mahal sultanabad design rug size 9'x11'7"" circa 1920s 100% pure wool",https://baseerorientalrugs.com/hand-kotted-rugs-sale-1/ols/products/mahal,"$6,500.00","$3,900.00",https://img1.wsimg.com/isteam/ip/6297fd88-bda9-4967-b377-b62716f47e9a/ols/1000018992.jpg,11
152,"Decorative hand knottted antique Persian Tabriz design rug size 6'5""x9'7"" circa 1920s 100% pure wool",https://baseerorientalrugs.com/hand-kotted-rugs-sale-1/ols/products/tabriz,"$7,500.00","$4,500.00",https://img1.wsimg.com/isteam/ip/6297fd88-bda9-4967-b377-b62716f47e9a/ols/1000018638.jpg,11
153,decorative beautiful hand knotted authentic art deco Chinese rug size 9'x12' circa 1920s,https://baseerorientalrugs.com/hand-kotted-rugs-sale-1/ols/products/decorative-beautiful-hand-knotted-authentic-art-deco-chinese-rug-size-9x12-circa-1920s,"$6,500.00","$2,900.00",https://img1.wsimg.com/isteam/ip/6297fd88-bda9-4967-b377-b62716f47e9a/ols/1000018537.jpg,11
154,Decorative beautiful handwoven 100% pure wool pile and cotton foundation Persian Mashad Saber size 10' x16ft circa 1930s,https://baseerorientalrugs.com/hand-kotted-rugs-sale-1/ols/products/decorative-beautiful-handwoven-persian-mashad-saber-size-10-x16ft,"$14,900.00","$8,900.00",https://img1.wsimg.com/isteam/ip/6297fd88-bda9-4967-b377-b62716f47e9a/ols/1000018297.jpg,11
155,Hand knotted 100% pure wool antique art deco Chiese rug size 2'ft by 4'ft circa 1930s,https://baseerorientalrugs.com/hand-kotted-rugs-sale-1/ols/products/hand-knotted-100-pure-wool-art-deco-chiese-rug-size-2ft-by-4ft-circa-1930s,$890.00,$490.00,https://img1.wsimg.com/isteam/ip/6297fd88-bda9-4967-b377-b62716f47e9a/ols/1000018611.jpg,11
156,Decorative handknotted antique 100% pure wool antique art deco Chinese round rug size 3'x3'ft circa 1920s,https://baseerorientalrugs.com/hand-kotted-rugs-sale-1/ols/products/decorative-handknotted-antique-100-pure-wool-art-deco-chinese-round-rug-size-3x3ft-circa-1920s,$950.00,$475.00,https://img1.wsimg.com/isteam/ip/6297fd88-bda9-4967-b377-b62716f47e9a/ols/1000018585.jpg,11
157,"Decorative 100% pure silk & wool very fine authentic Persian Tabriz design size size 9'8""x13'5"" 400 KPSI",https://baseerorientalrugs.com/hand-kotted-rugs-sale-1/ols/products/decorative-100-pure-silk-wool-very-fine-authentic-persian-tabriz-design-size-size-98x135-400-kpsi,"$18,900.00","$9,500.00",https://img1.wsimg.com/isteam/ip/6297fd88-bda9-4967-b377-b62716f47e9a/ols/1000018557.jpg,11
158,"Decorative 100% pure silk & wool very fine authentic Persian circle Tabriz design size size8'6""x8'6"" 400kpsi",https://baseerorientalrugs.com/hand-kotted-rugs-sale-1/ols/products/decorative-100-pure-silk-wool-very-fine-authentic-persian-circle-tabriz-design-size-size86x86-400kpsi,"$9,900.00","$4,900.00",https://img1.wsimg.com/isteam/ip/6297fd88-bda9-4967-b377-b62716f47e9a/ols/1000018277.jpg,11
159,"Decorative 100% pure silk & wool very fine authentic Persian Tabriz design size size 9'8""x13'6"" 400kpsi",https://baseerorientalrugs.com/hand-kotted-rugs-sale-1/ols/products/decorative-100-pure-silk-wool-very-fine-authentic-persian-tabriz-design-size-size-98x136-400kpsi,"$18,900.00","$9,500.00",https://img1.wsimg.com/isteam/ip/6297fd88-bda9-4967-b377-b62716f47e9a/ols/1000018258.jpg,11
160,"Decorative 100% pure wool hand knotted transitional Afghan rug Mamluk design size 7'10""x10' new modern",https://baseerorientalrugs.com/hand-kotted-rugs-sale-1/ols/products/decorative-100-pure-wool-hand-knotted-afghan-rug-mamluk-design-size-710x10-new,"$4,900.00","$3,100.00",https://img1.wsimg.com/isteam/ip/6297fd88-bda9-4967-b377-b62716f47e9a/ols/Screenshot_20230728_184719_Pixelcut.jpg,11
161,"Decorative 100% pure wool hand knotted transitional Afghan rug Oushak design size 8'x9'9"" new",https://baseerorientalrugs.com/hand-kotted-rugs-sale-1/ols/products/decorative-100-pure-wool-hand-knotted-afghan-rug-oushak-design-size-8x99-new,"$4,500.00","$3,250.00",https://img1.wsimg.com/isteam/ip/6297fd88-bda9-4967-b377-b62716f47e9a/ols/Screenshot_20230728_184739_Pixelcut.jpg,11
162,"(SOLD) Decorative 100% pure wool hand knottted Transitional Oushak design Afghan rug size 8'2""x10' new",https://baseerorientalrugs.com/hand-kotted-rugs-sale-1/ols/products/decorative-100-pure-wool-hand-knottted-oushak-design-afghan-rug-size-82x10-new,"$4,500.00","$2,900.00",https://img1.wsimg.com/isteam/ip/6297fd88-bda9-4967-b377-b62716f47e9a/ols/Screenshot_20230728_184756_Pixelcut.jpg,11
163,Decorative 100% pure wool handwoven transitional oushak design Afghan rug size 8'x10'new,https://baseerorientalrugs.com/hand-kotted-rugs-sale-1/ols/products/decorative-100-pure-wool-handwoven-oushak-design-afghan-rug-size-8x10new,"$4,500.00","$2,900.00",https://img1.wsimg.com/isteam/ip/6297fd88-bda9-4967-b377-b62716f47e9a/ols/Screenshot_20230728_184820_Pixelcut.jpg,11
164,Decorative 100% pure wool hand knotted Mamluke design Afghan rug size 8'x10' new,https://baseerorientalrugs.com/hand-kotted-rugs-sale-1/ols/products/decorative-100-pure-wool-hand-knotted-mamluke-design-afghan-rug-size-8x10-new,"$4,900.00","$3,100.00",https://img1.wsimg.com/isteam/ip/6297fd88-bda9-4967-b377-b62716f47e9a/ols/Screenshot_20230801_124653_Pixelcut.jpg,11
165,"Antique Hand knotted 100% pure wool Persian Saroke design size 4'8""x6'5"" circa 1900s",https://baseerorientalrugs.com/hand-kotted-rugs-sale-1/ols/products/antique-hand-knotted-100-pure-wool-persian-saroke-design-size-48x65-circa-1900s,"$3,500.00","$2,500.00",https://img1.wsimg.com/isteam/ip/6297fd88-bda9-4967-b377-b62716f47e9a/ols/Screenshot_20230803_123447_Pixelcut.jpg,12
166,(SOLD) Decorative hand knottted antique art deco Chinese rug size 9'x12' circa 1930s vintage,https://baseerorientalrugs.com/hand-kotted-rugs-sale-1/ols/products/decorative-hand-knottted-art-deco-chinese-rug-size-9x12-circa-1930s-vintage,"$5,900.00","$2,500.00",https://img1.wsimg.com/isteam/ip/6297fd88-bda9-4967-b377-b62716f47e9a/ols/Screenshot_20230803_120236_Pixelcut.jpg,12
167,"Decorative 100% pure wool hand knotted Tribal antique Turkish design rug size 3'2""x6'3"" circa 1930s",https://baseerorientalrugs.com/hand-kotted-rugs-sale-1/ols/products/decorative-100-pure-wool-hand-knotted-tribal-turkish-design-rug-size-32x63,"$1,590.00",$790.00,https://img1.wsimg.com/isteam/ip/6297fd88-bda9-4967-b377-b62716f47e9a/ols/Screenshot_20230729_193037_Pixelcut.jpg,12
168,(sold) Antique hand knotted authentic 100% pure wool Persian saruke mehajeran size 9x12ft circa 1900s,https://baseerorientalrugs.com/hand-kotted-rugs-sale-1/ols/products/antique-hand-knotted-authentic-persian-saruke-mehajeran-size-9x12ft-circa-1900s,"$8,900.00","$5,800.00",https://img1.wsimg.com/isteam/ip/6297fd88-bda9-4967-b377-b62716f47e9a/ols/Screenshot_20230729_193134_Pixelcut.jpg,12
169,Decorative hand knotted made of 100% wool and bamboo silk pile modern rug size 10x14ft new,https://baseerorientalrugs.com/hand-kotted-rugs-sale-1/ols/products/decorative-hand-knotted-bamboo-silk-pile-modern-rug-size-10x14ft,"$6,900.00","$4,900.00",https://img1.wsimg.com/isteam/ip/6297fd88-bda9-4967-b377-b62716f47e9a/ols/Screenshot_20230729_193341_Pixelcut.jpg,12
170,Decorative hand knotted modern design made of 100% bamboo silk pile size 9'x12' vintage,https://baseerorientalrugs.com/hand-kotted-rugs-sale-1/ols/products/decorative-hand-knotted-modern-design-bamboo-silk-pile-size-9,"$6,900.00","$4,500.00",https://img1.wsimg.com/isteam/ip/6297fd88-bda9-4967-b377-b62716f47e9a/ols/Screenshot_20230729_193302_Pixelcut.jpg,12
171,"Decorative 100% pure wool antique hand knotted authentic Persian Heriz design size 7'5""x10'9"" circa 1920s",https://baseerorientalrugs.com/hand-kotted-rugs-sale-1/ols/products/decorative-100-pure-wool-antique-hand-knotted-authentic-persian-heriz-design-size-75x109-circa-1920s,"$8,500.00","$5,750.00",https://img1.wsimg.com/isteam/ip/6297fd88-bda9-4967-b377-b62716f47e9a/ols/Screenshot_20230712_081247_Pixelcut.jpg,12
172,"Decorative hand knotted beautifull authentic antique Persian herize size 7ft 9"" by 10ft 9"" circa 1920s",https://baseerorientalrugs.com/hand-kotted-rugs-sale-1/ols/products/decorative-hand-knotted-authentic-persian-herize-size-7ft-9-by-10ft-9-circa-1920s,"$9,500.00","$5,950.00",https://img1.wsimg.com/isteam/ip/6297fd88-bda9-4967-b377-b62716f47e9a/ols/Screenshot_20230708_154524_Pixelcut.jpg,12
173,"Decorative hand knotted 100% soft wool pile Isfahan design size 8'9""x12ft 4"" vintage",https://baseerorientalrugs.com/hand-kotted-rugs-sale-1/ols/products/decorative-hand-knotted-isfahan-design-size-9x12ft-vinta,"$6,500.00","$3,000.00",https://img1.wsimg.com/isteam/ip/6297fd88-bda9-4967-b377-b62716f47e9a/ols/Screenshot_20230706_114716_Pixelcut.jpg,12
174,"Decorative 💯% wool pile American Karistan rug size 8ft2""×11ft7"" vintage",https://baseerorientalrugs.com/hand-kotted-rugs-sale-1/ols/products/xn-decorative-hand-american-karistan-wool-pile-size-8ft211ft7-hse235003f,"$4,750.00","$1,425.00",https://img1.wsimg.com/isteam/ip/6297fd88-bda9-4967-b377-b62716f47e9a/ols/Screenshot_20230705_110857_Pixelcut.jpg,12
175,Hand knotted decorative 100% pure wool very large family room Persian Tabriz design size 13'x19' circa 1970s,https://baseerorientalrugs.com/hand-kotted-rugs-sale-1/ols/products/hand-knotted-decorative-100-pure-wool-persian-tabriz-design-size-13x19-circa-1970s,"$25,500.00","$16,900.00",https://img1.wsimg.com/isteam/ip/6297fd88-bda9-4967-b377-b62716f47e9a/ols/Screenshot_20230621_144706_Pixelcut.jpg,12
176,"Hand knotted 100% pure wool authentic antique beautiful Navy blue Persian Saruke Mehajeran design size 10ft 10"" by 16ft 10"" circa 1900s",https://baseerorientalrugs.com/hand-kotted-rugs-sale-1/ols/products/hand-knotted-100-pure-wool-authentic-antique-beautiful-navy-blue-persian-saruke-mehajeran-design-size-10ft-10-by-16ft-10-circa-1900s,"$18,500.00","$11,500.00",https://img1.wsimg.com/isteam/ip/6297fd88-bda9-4967-b377-b62716f47e9a/ols/Screenshot_20230624_151423_Pixelcut.jpg,12
177,"Decorative 100% pure wool art deco Chinese rug ovel shape circa 1920s size 2'6""x4'3""",https://baseerorientalrugs.com/hand-kotted-rugs-sale-1/ols/products/decorative-100-pure-wool-art-deco-chinese-rug-ovel-shape-circa-1920s-size-26x43,$875.00,$495.00,https://img1.wsimg.com/isteam/ip/6297fd88-bda9-4967-b377-b62716f47e9a/ols/Screenshot_20230612_091201_Pixelcut.jpg,12
178,Hand knotted very fine 100% pure wool Isfahan design rug size 9'x12' Vintage 225 kpsi,https://baseerorientalrugs.com/hand-kotted-rugs-sale-1/ols/products/hand-knotted-very-fine-100-pure-wool-isfahan-design-rug-size-9x12-vintage,"$9,500.00","$4,500.00",https://img1.wsimg.com/isteam/ip/6297fd88-bda9-4967-b377-b62716f47e9a/ols/Screenshot_20230609_122011_Pixelcut.jpg,12
179,"Decorative 100% pure wool hand knotted antique Afghan Turkman design size 4'2""x5'5"" circa 1900s",https://baseerorientalrugs.com/hand-kotted-rugs-sale-1/ols/products/decorative-100-pure-wool-hand-knotted-antique-afghan-turkman-design-size-42x55-circa-1900s,"$1,400.00",$850.00,https://img1.wsimg.com/isteam/ip/6297fd88-bda9-4967-b377-b62716f47e9a/ols/Screenshot_20230609_105301_Pixelcut.jpg,12
180,"Beautiful hand-knotted authentic art deco Chinese design rug size 9'X11'8"" 100% pure wool pile circa 1920s",https://baseerorientalrugs.com/hand-kotted-rugs-sale-1/ols/products/beautiful-hand-knotted-authentic-art-deco-chinese-design-rug-size-9x118-100-pure-wool-pile-circa-1920s,"$9,500.00","$6,500.00",https://img1.wsimg.com/isteam/ip/6297fd88-bda9-4967-b377-b62716f47e9a/ols/Screenshot_20230608_110926_Pixelcut.jpg,13
181,"Hand Knotted authentic Persian Kerman design size 12x18' circa 1950s vintage must sale, best offer accepted on this rug",https://baseerorientalrugs.com/hand-kotted-rugs-sale-1/ols/products/kerman,"$95,000.00","$2,850.00",https://img1.wsimg.com/isteam/ip/6297fd88-bda9-4967-b377-b62716f47e9a/ols/Screenshot_20230530_114732_Pixelcut.jpg,13
182,"Hand knotted 100% pure wool Antique Persian saruke Farghan design size 12'2""x16'8"" circa 1880's",https://baseerorientalrugs.com/hand-kotted-rugs-sale-1/ols/products/hand-knotted-100-pure-wool-antique-persian-saruke-farghan-design-size-122x168-circa-1880s,"$59,000.00","$42,500.00",https://img1.wsimg.com/isteam/ip/6297fd88-bda9-4967-b377-b62716f47e9a/ols/Screenshot_20230525_105038_Pixelcut.jpg,13
183,"(SOLD) Antique Collectable Afghan Turkman 100% pure wool rug size 6'8""x10'8"" circa 1880s",https://baseerorientalrugs.com/hand-kotted-rugs-sale-1/ols/products/antique-collectable-afghan-turkman-100-pure-wool-rug-size-68x108-circa-1880s,"$6,500.00","$3,900.00",https://img1.wsimg.com/isteam/ip/6297fd88-bda9-4967-b377-b62716f47e9a/ols/Screenshot_20230524_111001_Pixelcut.jpg,13
184,Decorative 100% pure wool hand knotted Oushak design size 9'x12ft new Afghan transitional rug,https://baseerorientalrugs.com/hand-kotted-rugs-sale-1/ols/products/decorative-100-pure-wool-hand-knotted-oushak-design-size-9x12ft--new-afghan-rug,"$6,900.00","$3,900.00",https://img1.wsimg.com/isteam/ip/6297fd88-bda9-4967-b377-b62716f47e9a/ols/Screenshot_20230523_124219_Pixelcut.jpg,13
185,Decorative 100% pure wool hand knotted oushak design size 9'x12ft new afghan transitional rug,https://baseerorientalrugs.com/hand-kotted-rugs-sale-1/ols/products/decorative-100-pure-wool-hand-knotted-oushak-design-size-9x12ft-new-afghan-rug,"$7,560.00","$4,180.00",https://img1.wsimg.com/isteam/ip/6297fd88-bda9-4967-b377-b62716f47e9a/ols/Screenshot_20230523_123320_Pixelcut.jpg,13
186,Decorative hand knotted modern Oushak design 100% pure wool size 9x12ft soft brown New Afghan trnsitional rug,https://baseerorientalrugs.com/hand-kotted-rugs-sale-1/ols/products/decorative-hand-knotted-modern-oushak-design-100-pure-wool-size-9x12ft-soft-brown-new-afghan,"$6,560.00","$3,980.00",https://img1.wsimg.com/isteam/ip/6297fd88-bda9-4967-b377-b62716f47e9a/ols/Screenshot_20230523_122809_Pixelcut.jpg,13
187,(SOLD} Decorative hand knotted modern design 100% pure wool size 9x12ft soft blue New Afghan transitional rug,https://baseerorientalrugs.com/hand-kotted-rugs-sale-1/ols/products/decorative-hand-knotted-modern-design-100-pure-wool-size-9x12ft-soft-blue-new-afghan-rug,"$7,100.00","$3,950.00",https://img1.wsimg.com/isteam/ip/6297fd88-bda9-4967-b377-b62716f47e9a/ols/Screenshot_20230523_121108_Pixelcut.jpg,13
188,"Fine quality hand knotted authentic Persian Kermanshah size 10'9""x18'8"" in great condition circa 1930s",https://baseerorientalrugs.com/hand-kotted-rugs-sale-1/ols/products/fine-quality-hand-knotted-authentic-persian-kermanshah-size-109x188-in-great-condition-circa-1930s,"$12,500.00","$7,900.00",https://img1.wsimg.com/isteam/ip/6297fd88-bda9-4967-b377-b62716f47e9a/ols/Screenshot_20230520_095813_Pixelcut.jpg,13
189,"Decorative handwoven 100% pure wool needle work Iraqi tribal design size 4'10""×9'",https://baseerorientalrugs.com/hand-kotted-rugs-sale-1/ols/products/xn-decorative-handwoven-iraqi-tribal-design-size-4109-y4d,"$1,900.00",$950.00,https://img1.wsimg.com/isteam/ip/6297fd88-bda9-4967-b377-b62716f47e9a/ols/Screenshot_20230518_104049_Pixelcut-d518e65.jpg,13
190,"(sold) Decorative 100% pure wool handwoven antique Iraqi tribal design size 5'5""x7'5"" one of its kind",https://baseerorientalrugs.com/hand-kotted-rugs-sale-1/ols/products/decorative-100-pure-wool-handwoven-antique-iraqi-tribal-design-size-55x75,"$1,900.00",$950.00,https://img1.wsimg.com/isteam/ip/6297fd88-bda9-4967-b377-b62716f47e9a/ols/Screenshot_20230518_104144_Pixelcut-de3cdad.jpg,13
191,"(Sold) Decorative 100% pure wool hand knotted oushak angora design size 6'3""x9' new",https://baseerorientalrugs.com/hand-kotted-rugs-sale-1/ols/products/decorative-100-pure-wool-hand-knotted-oushak-angora-design-size-63x9-new,"$4,050.00","$2,200.00",https://img1.wsimg.com/isteam/ip/6297fd88-bda9-4967-b377-b62716f47e9a/ols/20230509_120407.jpg,13
192,"Decorative 100% pure soft wool hand knotted oushak angora design size 6'2""x9' new",https://baseerorientalrugs.com/hand-kotted-rugs-sale-1/ols/products/decorative-100-pure-soft-wool-hand-knotted-oushak-angora-design-size-62x9-new,"$4,050.00","$2,200.00",https://img1.wsimg.com/isteam/ip/6297fd88-bda9-4967-b377-b62716f47e9a/ols/20230509_115455.jpg,13
193,"Decorative 100% pure wool hand knotted oushak angora design size 5'1""x6'9"" new",https://baseerorientalrugs.com/hand-kotted-rugs-sale-1/ols/products/decorative-100-pure-wool-hand-knotted-oushak-angora-design-size-51x69-new,"$2,800.00","$1,400.00",https://img1.wsimg.com/isteam/ip/6297fd88-bda9-4967-b377-b62716f47e9a/ols/20230509_114922-ee4198e.jpg,13
194,"Decorative 100% pure wool handwoven oushak Angora design size 5'2""x6'10""new",https://baseerorientalrugs.com/hand-kotted-rugs-sale-1/ols/products/decorative-100-pure-wool-handwoven-oushak-angora-design-size-52x610new,"$2,800.00","$1,400.00",https://img1.wsimg.com/isteam/ip/6297fd88-bda9-4967-b377-b62716f47e9a/ols/20230509_114659.jpg,13
195,"Decorative 100% pure wool hand knotted oushak design rug size 5'3""x7' new",https://baseerorientalrugs.com/hand-kotted-rugs-sale-1/ols/products/decorative-100-pure-wool-hand-knotted-oushak-design-rug-size-53x7-new,"$2,782.00","$1,400.00",https://img1.wsimg.com/isteam/ip/6297fd88-bda9-4967-b377-b62716f47e9a/ols/20230509_113807-ea19322.jpg,14
196,"Decorative hand knottted 100% pure soft wool Turkish oushak design rug size 6'x9'5"" new",https://baseerorientalrugs.com/hand-kotted-rugs-sale-1/ols/products/decorative-hand-knottted-100-pure-soft-wool-turkish-oushak-design-rug-size-53x7-new,"$4,275.00","$2,280.00",https://img1.wsimg.com/isteam/ip/6297fd88-bda9-4967-b377-b62716f47e9a/ols/20230509_114341.jpg,14
197,"Decorative 100% pure soft wool hand knotted Turkish oushak design size 5'x6'9"" new",https://baseerorientalrugs.com/hand-kotted-rugs-sale-1/ols/products/decorative-100-pure-soft-wool-hand-knotted-turkish-oushak-design-size-5x69-new,"$2,625.00","$1,400.00",https://img1.wsimg.com/isteam/ip/6297fd88-bda9-4967-b377-b62716f47e9a/ols/20230509_113316-4f54598.jpg,14
198,"Decorative hand knottted kazakh design 100% wool pile rug size 4'9""x6'5"" new",https://baseerorientalrugs.com/hand-kotted-rugs-sale-1/ols/products/decorative-hand-knottted-kazakh-design-100-wool-pile-rug-size-49x65-new,"$2,388.00","$1,200.00",https://img1.wsimg.com/isteam/ip/6297fd88-bda9-4967-b377-b62716f47e9a/ols/20230509_112003.jpg,14
199,"Decorative hand knottted art deco modern design rug 100% silk and wool pile cotton foundation size 8'x10'2"" new",https://baseerorientalrugs.com/hand-kotted-rugs-sale-1/ols/products/decorative-hand-knottted-art-deco-modern-design-rug-100-silk-and-wool-pile-cotton-foundation-size-8x102-new,"$5,900.00","$3,790.00",https://img1.wsimg.com/isteam/ip/6297fd88-bda9-4967-b377-b62716f47e9a/ols/20230509_110953.jpg,14
200,"Decorative hand knotted modern kazakh design 100% pure wool rug size 6'3""x8'8""",https://baseerorientalrugs.com/hand-kotted-rugs-sale-1/ols/products/decorative-hand-knotted-modern-kazakh-design-100-pure-wool-rug-size-63x88,"$4,050.00","$2,190.00",https://img1.wsimg.com/isteam/ip/6297fd88-bda9-4967-b377-b62716f47e9a/ols/20230509_110126.jpg,14
201,Decorative 100% pure wool hand knotted herize design rug size 6ft by 9ft new 100% pure wool pile and cotton foundation,https://baseerorientalrugs.com/hand-kotted-rugs-sale-1/ols/products/decorative-100-pure-wool-hand-knotted-herize-design-rug-size-8ft-by-10ft-3-new,"$3,900.00","$2,430.00",https://img1.wsimg.com/isteam/ip/6297fd88-bda9-4967-b377-b62716f47e9a/ols/20230509_105655.jpg,14
202,Decorative Hand knotted 100% pure wool Turkish Herike design size 8ft by 12ft circa 1950s,https://baseerorientalrugs.com/hand-kotted-rugs-sale-1/ols/products/hand-knotted-100-pure-wool-turkish-herike-design-size-8ft-by-12ft-circa-1950s,"$9,500.00","$6,500.00",https://img1.wsimg.com/isteam/ip/6297fd88-bda9-4967-b377-b62716f47e9a/ols/Screenshot_20230521_071155_Pixelcut.jpg,14
203,"Hand knotted vintage 100% pure wool Persian Tabriz design size 9'7""x12'5"" circa 1950s",https://baseerorientalrugs.com/hand-kotted-rugs-sale-1/ols/products/hand-knotted-vintage-100-pure-wool-persian-tabriz-design-size-97x125-circa-1950s,"$5,900.00","$2,900.00",https://img1.wsimg.com/isteam/ip/6297fd88-bda9-4967-b377-b62716f47e9a/ols/20230415_122955.jpg,14
204,"Antique decorative hand knottted art deco Chinese wall hanging rug size 1'8""x1' vintage",https://baseerorientalrugs.com/hand-kotted-rugs-sale-1/ols/products/decorative-hand-knottted-art-deco-chinese-wall-hanging-rug-size-18x1-vintage,$495.00,$135.00,https://img1.wsimg.com/isteam/ip/6297fd88-bda9-4967-b377-b62716f47e9a/ols/20230415_100022.jpg,14
205,"Hand knotted in India made of 100% pure wool Lahore design size 6'x9'3"" circa 1970s",https://baseerorientalrugs.com/hand-kotted-rugs-sale-1/ols/products/hand-knotted-100-pure-wool-lahore-design-size-6x93-circa-1970s,"$2,900.00","$1,275.00",https://img1.wsimg.com/isteam/ip/6297fd88-bda9-4967-b377-b62716f47e9a/ols/20230413_103457.jpg,14
206,"Antique beautiful hand knotted north west Persian design Rug Size 3'4""x9'3"" circa 1920s",https://baseerorientalrugs.com/hand-kotted-rugs-sale-1/ols/products/antique-beautiful-hand-knotted-north-west-persian-design-rug-size-34x93-circa-1920s,"$2,900.00","$1,490.00",https://img1.wsimg.com/isteam/ip/6297fd88-bda9-4967-b377-b62716f47e9a/ols/20230413_102348.jpg,14
207,Decorative hand knottted soft colored 100% wool pile transitional Afghan rug size 9'x12' new,https://baseerorientalrugs.com/hand-kotted-rugs-sale-1/ols/products/decorative-hand-knottted-soft-colored-100-wool-pile-rug-size-9x12-new,"$4,900.00","$3,700.00",https://img1.wsimg.com/isteam/ip/6297fd88-bda9-4967-b377-b62716f47e9a/ols/20230412_123446.jpg,14
208,"Decorative 100% pure wool handwoven Indian Agra design size 6'2""x9'2"" vintage in great condition",https://baseerorientalrugs.com/hand-kotted-rugs-sale-1/ols/products/decorative-100-pure-wool-handwoven-indian-agra-design-size-62x92-vintage-in-great-condition,"$3,900.00","$1,800.00",https://img1.wsimg.com/isteam/ip/6297fd88-bda9-4967-b377-b62716f47e9a/ols/20230408_124905.jpg,14
209,"Hand knotted 100% pure wool Persian Ardabile design size 7'x11'4"" circa 1950s in great condition (BIG SAVING on this rug)",https://baseerorientalrugs.com/hand-kotted-rugs-sale-1/ols/products/hand-knotted-100-pure-wool-persian-ardabile-design-size-7x114-circa-1950s-in-great-condition,"$4,500.00","$1,900.00",https://img1.wsimg.com/isteam/ip/6297fd88-bda9-4967-b377-b62716f47e9a/ols/20230407_133801.jpg,14
210,"Hand knotted 100% pure wool Persian Tabriz design size 9'3""x11'3"" circa 1950s vintage",https://baseerorientalrugs.com/hand-kotted-rugs-sale-1/ols/products/hand-knotted-100-pure-wool-persian-tabriz-design-size-93x113-circa-1950s-vintage,"$6,500.00","$3,900.00",https://img1.wsimg.com/isteam/ip/6297fd88-bda9-4967-b377-b62716f47e9a/ols/20230406_130904.jpg,15
211,"Hand knotted authentic Persian Tabriz design rug circa 1940s size 9'7""x12'7"" Vintage",https://baseerorientalrugs.com/hand-kotted-rugs-sale-1/ols/products/hand-knotted-authentic-persian-tabriz-design-rug-circa-1940s-size-97x127-vintage,"$7,500.00","$4,900.00",https://img1.wsimg.com/isteam/ip/6297fd88-bda9-4967-b377-b62716f47e9a/ols/20230406_121358-2408750.jpg,15
212,"(SOLD) Decorative fine quality 100% pure wool hand knotted Mamluke design size 10'x14'3"" new",https://baseerorientalrugs.com/hand-kotted-rugs-sale-1/ols/products/decorative-fine-quality-100-pure-wool-hand-knotted-mamluke-design-size-10x143-new,"$10,500.00","$7,350.00",https://img1.wsimg.com/isteam/ip/6297fd88-bda9-4967-b377-b62716f47e9a/ols/20230406_104801.jpg,15
213,"Decorative handwoven 100% wool suzani needlepoint rug size 10'10""x16' vintage best offer accepted",https://baseerorientalrugs.com/hand-kotted-rugs-sale-1/ols/products/decorative-handwoven-100-wool-suzani-needlepoint-rug-size-1010x16-vintage-best-offer-accepted,"$7,500.00","$2,250.00",https://img1.wsimg.com/isteam/ip/6297fd88-bda9-4967-b377-b62716f47e9a/ols/20230401_143641.jpg,15
214,"(Sold) Hand knotted 100% pure wool Persian Bijar design size 8'8""x11'8"" circa 1970s vintage best offer accepted",https://baseerorientalrugs.com/hand-kotted-rugs-sale-1/ols/products/hand-knotted-100-pure-wool-persian-bijar-design-size-88x118-circa-1970s-vintage-best-offer-accepted,"$4,900.00","$1,200.00",https://img1.wsimg.com/isteam/ip/6297fd88-bda9-4967-b377-b62716f47e9a/ols/20230401_131306.jpg,15
215,"Decorative hand knottted art deco Chinese rug size 9'x12' vintage best offer acceptednote: rug have few small stains, selling as its.",https://baseerorientalrugs.com/hand-kotted-rugs-sale-1/ols/products/decorative-hand-knottted-art-deco-chinese-rug-size-9x12-vintage-best-offer-accepted,"$4,500.00","$1,350.00",https://img1.wsimg.com/isteam/ip/6297fd88-bda9-4967-b377-b62716f47e9a/ols/20230331_160554.jpg,15
216,Decorative hand knottted art deco Chinese rug size 9'x12' vintage best offer accepted circa 1970s,https://baseerorientalrugs.com/hand-kotted-rugs-sale-1/ols/products/decorative-hand-knottted-art-deco-chinese-rug-size-9x12-vintage-best-offer-accepted-circa-1970s,"$4,500.00","$1,500.00",https://img1.wsimg.com/isteam/ip/6297fd88-bda9-4967-b377-b62716f47e9a/ols/20230331_141309.jpg,15
217,"Decorative 100% wool pile toffeted rug vintage size 8'2""x11' best offfer accepted",https://baseerorientalrugs.com/hand-kotted-rugs-sale-1/ols/products/decorative-100-wool-pile-toffeted-rug-vintage-size-82x11-best-offfer-accepted,"$2,500.00",$750.00,https://img1.wsimg.com/isteam/ip/6297fd88-bda9-4967-b377-b62716f47e9a/ols/20230331_122418.jpg,15
218,"Decorative 100% pure wool hand knotted Turkish tribal design size 4'1""x7'5"" vintage",https://baseerorientalrugs.com/hand-kotted-rugs-sale-1/ols/products/decorative-100-pure-wool-hand-knotted-turkish-tribal-design-size-41x75-vintage,"$1,200.00",$360.00,https://img1.wsimg.com/isteam/ip/6297fd88-bda9-4967-b377-b62716f47e9a/ols/20230331_120143.jpg,15
219,"Decorative 100% pure wool hand knotted Turkish tirbal design size 4'4""x7' vintage",https://baseerorientalrugs.com/hand-kotted-rugs-sale-1/ols/products/decorative-100-pure-wool-hand-knotted-turkish-tirbal-design-size-44x7-vintage,"$1,200.00",$360.00,https://img1.wsimg.com/isteam/ip/6297fd88-bda9-4967-b377-b62716f47e9a/ols/20230331_115621.jpg,15
220,"Decorative 100% pure wool hand knottted Modern design size 1ft 8"" x 9ft 4"" fragment",https://baseerorientalrugs.com/hand-kotted-rugs-sale-1/ols/products/decorative-100-pure-wool-hand-knottted-modern-design-size-1ft-8-x-9ft-4-fragment,"$1,200.00",$360.00,https://img1.wsimg.com/isteam/ip/6297fd88-bda9-4967-b377-b62716f47e9a/ols/20230331_110902.jpg,15
221,"Antique hand knotted Turkish Oushak fragment size 3'6""x9'10"" circa 1930s",https://baseerorientalrugs.com/hand-kotted-rugs-sale-1/ols/products/antique-hand-knotted-turkish-oushak-fragment-size-36x910-circa-1930s,"$1,200.00",$450.00,https://img1.wsimg.com/isteam/ip/6297fd88-bda9-4967-b377-b62716f47e9a/ols/20230324_105902-a2b151f.jpg,15
222,"Decorative hand knotted 100% pure wool Afghan Kazakh design size 4'x6'2"" new",https://baseerorientalrugs.com/hand-kotted-rugs-sale-1/ols/products/decorative-hand-knotted-100-pure-wool-afghan-kazakh-design-size-4x62-new,"$1,450.00",$690.00,https://img1.wsimg.com/isteam/ip/6297fd88-bda9-4967-b377-b62716f47e9a/ols/20230324_104520.jpg,15
223,Machine made karistan rug size 4'x6' vintage rug,https://baseerorientalrugs.com/hand-kotted-rugs-sale-1/ols/products/machine-made-karistan-rug-size-4x6-vintage-rug,$390.00,$90.00,https://img1.wsimg.com/isteam/ip/6297fd88-bda9-4967-b377-b62716f47e9a/ols/20230323_152614.jpg,15
224,"Decorative handwoven modern design reversible kilim runner size 2'6""x8' new",https://baseerorientalrugs.com/hand-kotted-rugs-sale-1/ols/products/decorative-handwoven-modern-design-reversible-kilim-runner-size-26x8-new,$690.00,$207.00,https://img1.wsimg.com/isteam/ip/6297fd88-bda9-4967-b377-b62716f47e9a/ols/20230323_152122.jpg,15
225,"Decorative hand knotted 100% pure wool modern design size 5'7""x7'8"" new",https://baseerorientalrugs.com/hand-kotted-rugs-sale-1/ols/products/decorative-hand-knotted-100-pure-wool-modern-design-size-57x78-new,"$1,890.00",$900.00,https://img1.wsimg.com/isteam/ip/6297fd88-bda9-4967-b377-b62716f47e9a/ols/20230323_140343.jpg,16
226,"Decorative 100% pure soft wool hand knotted rare design round rug size 5'9""x5'9"" circa 1950s",https://baseerorientalrugs.com/hand-kotted-rugs-sale-1/ols/products/decorative-100-pure-soft-wool-hand-knotted-rare-design-round-rug-size-59x59-circa-1950s,"$1,800.00",$900.00,https://img1.wsimg.com/isteam/ip/6297fd88-bda9-4967-b377-b62716f47e9a/ols/20230323_134824.jpg,16
227,Hand knotted 100% pure wool pile vintage Turkish sivas design size 4'x6' circa 1970s,https://baseerorientalrugs.com/hand-kotted-rugs-sale-1/ols/products/hand-knotted-100-pure-wool-pile-vintage-turkish-sivas-design-size-4x6-circa-1970s,"$1,500.00",$650.00,https://img1.wsimg.com/isteam/ip/6297fd88-bda9-4967-b377-b62716f47e9a/ols/20230323_134049.jpg,16
228,Decorative 100% pure wool handwoven Turkish anatolien tribal design size 4'x6' circa 1960s,https://baseerorientalrugs.com/hand-kotted-rugs-sale-1/ols/products/decorative-100-pure-wool-handwoven-turkish-anatolien-tribal-design-size-4x6-circa-1960s,"$1,290.00",$650.00,https://img1.wsimg.com/isteam/ip/6297fd88-bda9-4967-b377-b62716f47e9a/ols/20230323_133808.jpg,16
229,"Hand knotted 100% pure wool vintage turkish sivas design size 4'x6'2"" circa 1970s",https://baseerorientalrugs.com/hand-kotted-rugs-sale-1/ols/products/hand-knotted-100-pure-wool-vintage-turkish-sivas-design-size-4x62-circa-1970s,"$1,500.00",$450.00,https://img1.wsimg.com/isteam/ip/6297fd88-bda9-4967-b377-b62716f47e9a/ols/20230323_123631.jpg,16
230,"Decorative hand knotted antique art deco nickle Chinese rug circa 1920s size 4'x6'8""",https://baseerorientalrugs.com/hand-kotted-rugs-sale-1/ols/products/decorative-hand-knotted-antique-art-deco-nickle-chinese-rug-circa-1920s-size-4x68,"$2,750.00","$1,250.00",https://img1.wsimg.com/isteam/ip/6297fd88-bda9-4967-b377-b62716f47e9a/ols/20230323_122237.jpg,16
231,"Beautiful handwoven authentic Persian Tribal design runner size 3'9""x9' 100% pure wool pile circa 1960s",https://baseerorientalrugs.com/hand-kotted-rugs-sale-1/ols/products/beautiful-handwoven-authentic-persian-tribal-design-runner-size-39x9-100-pure-wool-pile-circa-1960s,"$2,250.00","$1,250.00",https://img1.wsimg.com/isteam/ip/6297fd88-bda9-4967-b377-b62716f47e9a/ols/20230322_141713.jpg,16
232,"(SOLD) High quality hand knotted 100% pure pile Kashmiri silk rug circa 1970s size 4'1""x6'6""",https://baseerorientalrugs.com/hand-kotted-rugs-sale-1/ols/products/high-quality-hand-knotted-100-pure-pile-kashmiri-silk-rug-circa-1970s-size-41x66,"$3,500.00","$2,000.00",https://img1.wsimg.com/isteam/ip/6297fd88-bda9-4967-b377-b62716f47e9a/ols/20230322_135101.jpg,16
233,"Decorative hand knotted art deco nickle Chinese rug circa 1930s size 4'1""x6'8""",https://baseerorientalrugs.com/hand-kotted-rugs-sale-1/ols/products/decorative-hand-knotted-art-deco-nickle-chinese-rug-circa-1930s-size-41x68,"$2,700.00","$1,190.00",https://img1.wsimg.com/isteam/ip/6297fd88-bda9-4967-b377-b62716f47e9a/ols/20230322_123951.jpg,16
234,"Decorative hand knotted sultanabad design 100% pure wool rug size 6'10""x9'2""",https://baseerorientalrugs.com/hand-kotted-rugs-sale-1/ols/products/decorative-hand-knotted-sultanabad-design-100-pure-wool-rug-size-610x92,"$5,500.00","$2,500.00",https://img1.wsimg.com/isteam/ip/6297fd88-bda9-4967-b377-b62716f47e9a/ols/20230311_160325.jpg,16
235,"Decorative 100% pure wool pile and wool foundation handwoven Herize design rug size 8'2""x10'2"" circa 1930s",https://baseerorientalrugs.com/hand-kotted-rugs-sale-1/ols/products/decorative-100-pure-wool-pile-and-wool-foundation-handwoven-herize-design-rug-size-82x102-circa-1930s,"$6,500.00","$3,900.00",https://img1.wsimg.com/isteam/ip/6297fd88-bda9-4967-b377-b62716f47e9a/ols/20230311_141821.jpg,16
236,"Decorative handwoven Turkish tribal design 100% pure soft wool rug size 3'10""x7' circa 1950s",https://baseerorientalrugs.com/hand-kotted-rugs-sale-1/ols/products/decorative-handwoven-turkish-tribal-design-100-pure-soft-wool-rug-size-310x7-circa-1950s,"$1,400.00",$420.00,https://img1.wsimg.com/isteam/ip/6297fd88-bda9-4967-b377-b62716f47e9a/ols/20230311_140516.jpg,16
237,sold Hand knotted 100% pure wool Moroccan design rug size 4'x6' circa 1970s,https://baseerorientalrugs.com/hand-kotted-rugs-sale-1/ols/products/hand-knotted-100-pure-wool-moroccan-design-rug-size-4x6-circa-1970s,$750.00,$250.00,https://img1.wsimg.com/isteam/ip/6297fd88-bda9-4967-b377-b62716f47e9a/ols/20230311_133626.jpg,16
238,"Antique look hand knotted Afghan soft colored Kazakh design size 5'x6'7"" 100% pure wool pile new",https://baseerorientalrugs.com/hand-kotted-rugs-sale-1/ols/products/antique-look-hand-knotted-afghan-kazakh-design-size-5x67-100-pure-wool-pile-new,"$2,512.00","$1,250.00",https://img1.wsimg.com/isteam/ip/6297fd88-bda9-4967-b377-b62716f47e9a/ols/20230311_131105.jpg,16
239,"Decorative hand knotted soft colored Persian faraghan design 100% pure wool rug size 3'7""x13'7""",https://baseerorientalrugs.com/hand-kotted-rugs-sale-1/ols/products/decorative-hand-knotted-soft-colored-persian-faraghan-design-100-pure-wool-rug-size-37x137,"$3,500.00","$1,800.00",https://img1.wsimg.com/isteam/ip/6297fd88-bda9-4967-b377-b62716f47e9a/ols/20230311_130042.jpg,16
240,"Hand knotted 100% pure wool Persian heriz design size 3'8""x11'1"" circa 1970s",https://baseerorientalrugs.com/hand-kotted-rugs-sale-1/ols/products/hand-knotted-100-pure-wool-persian-heriz-design-size-38x111-circa-1970s,"$2,750.00","$1,200.00",https://img1.wsimg.com/isteam/ip/6297fd88-bda9-4967-b377-b62716f47e9a/ols/20230311_125419.jpg,17
241,"Decorative 100% pure wool handwoven Afghan turkman design size 4'1""x5'10"" vintage",https://baseerorientalrugs.com/hand-kotted-rugs-sale-1/ols/products/decorative-100-pure-wool-handwoven-afghan-turkman-design-size-41x510-vintage,$975.00,$475.00,https://img1.wsimg.com/isteam/ip/6297fd88-bda9-4967-b377-b62716f47e9a/ols/20230311_130718.jpg,17
242,"Antique hand knotted 100% pure wool Persian Tribal design Rug Size 4'x5'10"" circa 1920s",https://baseerorientalrugs.com/hand-kotted-rugs-sale-1/ols/products/antique-hand-knotted-100-pure-wool-persian-tribal-design-rug-size-4x510-circa-1920s,"$1,500.00",$450.00,https://img1.wsimg.com/isteam/ip/6297fd88-bda9-4967-b377-b62716f47e9a/ols/20230311_120558.jpg,17
243,"Decorative handwoven modern design 100% pure soft wool rug size 5'7""x7'9"" made in Nepal",https://baseerorientalrugs.com/hand-kotted-rugs-sale-1/ols/products/decorative-handwoven-modern-design-100-pure-soft-wool-rug-size-57x79-made-in-nepal,"$1,450.00",$435.00,https://img1.wsimg.com/isteam/ip/6297fd88-bda9-4967-b377-b62716f47e9a/ols/20230311_115606.jpg,17
244,"Decorative 100% pure wool hand knotted Persian Tribal design rug size 5'x12'3"" circa 1950s",https://baseerorientalrugs.com/hand-kotted-rugs-sale-1/ols/products/decorative-100-pure-wool-hand-knotted-persian-tribal-design-rug-size-5x123-circa-1950s,"$4,500.00","$2,250.00",https://img1.wsimg.com/isteam/ip/6297fd88-bda9-4967-b377-b62716f47e9a/ols/20230311_111726.jpg,17
245,Decorative handwoven 100% pure wool Bessarabian flat/ kilim rug size 8'x11' circa 1970s (BIG SAVING on this rug),https://baseerorientalrugs.com/hand-kotted-rugs-sale-1/ols/products/decorative-handwoven-100-pure-wool-bessarabian-flat-kilim-rug-size-8x11-circa-1970s,"$4,500.00","$1,500.00",https://img1.wsimg.com/isteam/ip/6297fd88-bda9-4967-b377-b62716f47e9a/ols/20230311_101218.jpg,17
246,"Hand knotted 100% pure wool authentic Persian Bakhiari design circa 1950s size 4'x9'4""",https://baseerorientalrugs.com/hand-kotted-rugs-sale-1/ols/products/hand-knotted-100-pure-wool-authentic-persian-bakhiari-design-circa-1950s-size-4x94,"$1,900.00",$570.00,https://img1.wsimg.com/isteam/ip/6297fd88-bda9-4967-b377-b62716f47e9a/ols/20230310_160116.jpg,17
247,"Beautiful handwoven authentic Persian Tabriz rug size 3'7""x5'4"" 100% pure wool pile and wool foundation circa 1960s",https://baseerorientalrugs.com/hand-kotted-rugs-sale-1/ols/products/beautiful-handwoven-authentic-persian-tabriz-rug-size-37x54-100-pure-wool-pile-and-wool-foundation-circa-1960s,"$1,290.00",$387.00,https://img1.wsimg.com/isteam/ip/6297fd88-bda9-4967-b377-b62716f47e9a/ols/20230310_153734.jpg,17
248,"Decorative 100% pure wool hand knotted modern design size 6'x8'6"" made in Nepal new",https://baseerorientalrugs.com/hand-kotted-rugs-sale-1/ols/products/decorative-100-pure-wool-hand-knotted-modern-design-size-6x86-made-in-nepal-new,"$2,750.00","$1,400.00",https://img1.wsimg.com/isteam/ip/6297fd88-bda9-4967-b377-b62716f47e9a/ols/20230310_153049.jpg,17
249,"Soft colored hand knotted authentic Persian silk and wool Tabriz design rug size 6'8""x10' circa 1970s",https://baseerorientalrugs.com/hand-kotted-rugs-sale-1/ols/products/soft-colored-hand-knotted-authentic-persian-silk-and-wool-tabriz-design-rug-size-68x10-circa-1970s,"$6,900.00","$4,500.00",https://img1.wsimg.com/isteam/ip/6297fd88-bda9-4967-b377-b62716f47e9a/ols/20230310_151213.jpg,17
250,"Decorative hand knotted 100% pure wool Persian Bakhtiari design size 4'8""x10'2"" circa 1920s",https://baseerorientalrugs.com/hand-kotted-rugs-sale-1/ols/products/decorative-hand-knotted-100-pure-wool-persian-bakhtiari-design-size-48x102-circa-1920s,"$4,900.00","$2,500.00",https://img1.wsimg.com/isteam/ip/6297fd88-bda9-4967-b377-b62716f47e9a/ols/20230310_145828.jpg,17
251,"Antique beautiful hand knotted Persian Camel hair with boteh design Rug Size 3'5""x6' circa 1900s",https://baseerorientalrugs.com/hand-kotted-rugs-sale-1/ols/products/antique-beautiful-hand-knotted-persian-camel-hair-with-boteh-design-rug-size-35x6-circa-1900s,"$1,500.00",$790.00,https://img1.wsimg.com/isteam/ip/6297fd88-bda9-4967-b377-b62716f47e9a/ols/20230309_153950.jpg,17
252,"Decorative hand knotted 100% pure wool Afghan kazakh design size 4'3""x6'4"" new",https://baseerorientalrugs.com/hand-kotted-rugs-sale-1/ols/products/decorative-hand-knotted-100-pure-wool-afghan-kazakh-design-size-43x64-new,"$1,490.00",$750.00,https://img1.wsimg.com/isteam/ip/6297fd88-bda9-4967-b377-b62716f47e9a/ols/20230309_154652.jpg,17
253,"Decorative hand knotted Persian hamadon design 100% pure wool handwoven oushak design size 4'3""x6'5"" circa 1950s",https://baseerorientalrugs.com/hand-kotted-rugs-sale-1/ols/products/decorative-hand-knotted-persian-hamadon-design-100-pure-wool-handwoven-oushak-design-size-43x65-circa-1950s,"$1,500.00",$450.00,https://img1.wsimg.com/isteam/ip/6297fd88-bda9-4967-b377-b62716f47e9a/ols/20230309_151453.jpg,17
254,"Beautiful handwoven authentic Afghan Tribal Baluchi design rug size 3'8""x6'9""100% pure wool pile and wool",https://baseerorientalrugs.com/hand-kotted-rugs-sale-1/ols/products/beautiful-handwoven-authentic-afghan-tribal-baluchi-design-rug-size-38x69100-pure-wool-pile-and-wool,$990.00,$297.00,https://img1.wsimg.com/isteam/ip/6297fd88-bda9-4967-b377-b62716f47e9a/ols/20230309_150834.jpg,17
255,"Antique look hand knotted Afghan Kazakh design soft colored size 4'7""x6'10"" 100% pure wool pile new",https://baseerorientalrugs.com/hand-kotted-rugs-sale-1/ols/products/antique-look-hand-knotted-afghan-kazakh-design-soft-colored-size-46x61-100-pure-wool-pile-new,"$1,800.00",$950.00,https://img1.wsimg.com/isteam/ip/6297fd88-bda9-4967-b377-b62716f47e9a/ols/20230309_150421.jpg,18
256,"Decorative hand knotted 100% pure wool Afghan tribal design runner size 14""x8'10""",https://baseerorientalrugs.com/hand-kotted-rugs-sale-1/ols/products/decorative-hand-knotted-100-pure-wool-afghan-tribal-design-runner-size-14x810,"$1,500.00",$450.00,https://img1.wsimg.com/isteam/ip/6297fd88-bda9-4967-b377-b62716f47e9a/ols/20230308_144216.jpg,18
257,"Semi antique hand knotted Persian heriz rug wool pile and cotton foundation size 4'6""x5'8"" circa 1950s",https://baseerorientalrugs.com/hand-kotted-rugs-sale-1/ols/products/semi-antique-hand-knotted-persian-heriz-rug-wool-pile-and-cotton-foundation-size-46x58-circa-1950s,"$2,200.00",$660.00,https://img1.wsimg.com/isteam/ip/6297fd88-bda9-4967-b377-b62716f47e9a/ols/2023-03-0711.31.318585810709584405148.jpg,18
258,Collections of hand knotted antique art deco Chinese mini rugs total 14 rugs crica around 1920s and up,https://baseerorientalrugs.com/hand-kotted-rugs-sale-1/ols/products/collections-of-hand-knotted-antique-art-deco-chinese-mini-rugs-total-14-rugs-crica-around-1920s-and-up,"$2,500.00","$1,900.00",https://img1.wsimg.com/isteam/ip/6297fd88-bda9-4967-b377-b62716f47e9a/ols/20230307_104045.jpg,18
259,"Decorative handwoven 100% pure wool Afghan maymaneh kilim rug size 4'9""x7'6"" circa 1950s",https://baseerorientalrugs.com/hand-kotted-rugs-sale-1/ols/products/decorative-handwoven-100-pure-wool-afghan-maymaneh-kilim-rug-size-49x76-circa-1950s,"$1,600.00",$480.00,https://img1.wsimg.com/isteam/ip/6297fd88-bda9-4967-b377-b62716f47e9a/ols/20230302_161230.jpg,18
260,"Soft colored antique hand knotted Persian Mahal design size 8'5""x12' circa 1930s",https://baseerorientalrugs.com/hand-kotted-rugs-sale-1/ols/products/soft-colored-antique-hand-knotted-persian-mahal-design-size-85x12-circa-1930s,"$6,500.00","$4,500.00",https://img1.wsimg.com/isteam/ip/6297fd88-bda9-4967-b377-b62716f47e9a/ols/20230302_140702.jpg,18
261,(SOLD) Decorative 100% pure wool hand knotted transitional Afghan Birds rug size 6'x9' new,https://baseerorientalrugs.com/hand-kotted-rugs-sale-1/ols/products/decorative-100-pure-wool-hand-knotted-afghan-birds-rug-size-6x9-new,"$3,500.00","$2,360.00",https://img1.wsimg.com/isteam/ip/6297fd88-bda9-4967-b377-b62716f47e9a/ols/20230302_130706.jpg,18
262,"Decorative 100% pure wool hand knotted Persian Tribal rug design size 5'3""x9'7"" vintage",https://baseerorientalrugs.com/hand-kotted-rugs-sale-1/ols/products/decorative-100-pure-wool-hand-knotted-persian-tribal-rug-design-size-53x97-vintage,"$2,750.00","$1,450.00",https://img1.wsimg.com/isteam/ip/6297fd88-bda9-4967-b377-b62716f47e9a/ols/20230302_111143.jpg,18
263,"Beautiful handwoven authentic Persian Tabriz design rug size 6'4""x9'8"" 100% pure wool pile and wool foundation circa 1960s vintage",https://baseerorientalrugs.com/hand-kotted-rugs-sale-1/ols/products/beautiful-handwoven-authentic-persian-tabriz-design-rug-size-64x98-100-pure-wool-pile-and-wool-foundation-circa-1960s-vintage,"$3,550.00","$1,500.00",https://img1.wsimg.com/isteam/ip/6297fd88-bda9-4967-b377-b62716f47e9a/ols/20230302_105325.jpg,18
264,"Decorative 100% pure wool handwoven new Afghan kazakh design size 5'x6'9"" new",https://baseerorientalrugs.com/hand-kotted-rugs-sale-1/ols/products/decorative-100-pure-wool-handwoven-new-afghan-kazakh-design-size-5x69-new,"$2,275.00","$1,275.00",https://img1.wsimg.com/isteam/ip/6297fd88-bda9-4967-b377-b62716f47e9a/ols/20230302_123505.jpg,18
265,"Beautiful 100% hand knotted Persian Tabriz design rug size 8'1""x9'10"" 100% pure wool pile and cotton foundation (BIG SAVING on this rug)",https://baseerorientalrugs.com/hand-kotted-rugs-sale-1/ols/products/beautiful-handwoven-persian-tabriz-design-rug-size-81x910-100-pure-wool-pile-and-cotton-foundation,"$6,500.00","$1,650.00",https://img1.wsimg.com/isteam/ip/6297fd88-bda9-4967-b377-b62716f47e9a/ols/20230301_155904.jpg,18
266,"Decorative hand knottted 100% pure wool Afghan supper Kazakh design size 5'9""x5'10"" new",https://baseerorientalrugs.com/hand-kotted-rugs-sale-1/ols/products/decorative-hand-knottted-100-pure-wool-afghan-supper-kazakh-design-size-59x510-new,"$2,450.00","$1,260.00",https://img1.wsimg.com/isteam/ip/6297fd88-bda9-4967-b377-b62716f47e9a/ols/20230301_153419.jpg,18
267,"Decorative hand knotted Indian agra design 100% pure wool rug size 6'2""x9'8"" vintage",https://baseerorientalrugs.com/hand-kotted-rugs-sale-1/ols/products/decorative-hand-knotted-indian-agra-design-100-pure-wool-rug-size-62x98-vintage,"$3,500.00","$1,050.00",https://img1.wsimg.com/isteam/ip/6297fd88-bda9-4967-b377-b62716f47e9a/ols/20230301_145238.jpg,18
268,"Decorative handwoven Persian tribal design 100% pure wool rug size 5'3""x9'7"" circa 1950s",https://baseerorientalrugs.com/hand-kotted-rugs-sale-1/ols/products/decorative-handwoven-persian-tribal-design-100-pure-wool-rug-size-53x97-circa-1950s,"$3,500.00","$1,800.00",https://img1.wsimg.com/isteam/ip/6297fd88-bda9-4967-b377-b62716f47e9a/ols/20230301_143627.jpg,18
269,"Antique beautiful hand knotted Caucasian kazakh design Rug Size 4'4""x7'6"" circa 1880s",https://baseerorientalrugs.com/hand-kotted-rugs-sale-1/ols/products/antique-beautiful-hand-knotted-caucasian-kazakh-design-rug-size-44x76-circa-1880s,"$2,700.00",$810.00,https://img1.wsimg.com/isteam/ip/6297fd88-bda9-4967-b377-b62716f47e9a/ols/20230301_142728.jpg,18
270,"Beautiful handwoven authentic Persian Bakhtiary design rug size 5'1""x9'4"" 100% pure wool pile and wool foundation circa 1960s",https://baseerorientalrugs.com/hand-kotted-rugs-sale-1/ols/products/beautiful-handwoven-authentic-persian-bakhtiary-design-rug-size-51x94-100-pure-wool-pile-and-wool-foundation-circa-1960s,"$2,750.00","$1,275.00",https://img1.wsimg.com/isteam/ip/6297fd88-bda9-4967-b377-b62716f47e9a/ols/20230301_134131.jpg,19
271,"Antique beautiful hand knotted Persian Kerman design Rug Size 6'7""x10'7"" circa 1950s",https://baseerorientalrugs.com/hand-kotted-rugs-sale-1/ols/products/antique-beautiful-hand-knotted-persian-kerman-design-rug-size-67x107-circa-1950s,"$3,750.00","$1,950.00",https://img1.wsimg.com/isteam/ip/6297fd88-bda9-4967-b377-b62716f47e9a/ols/20230301_123158.jpg,19
272,"Decorative hand knottted 100% pure wool pile and cotton foundation Afghan Chobi design size 7'5""x10'4"" new (BIG SAVING on this rug)",https://baseerorientalrugs.com/hand-kotted-rugs-sale-1/ols/products/decorative-hand-knottted-100-pure-wool-afghan-chobi-design-size-67x107-new,"$4,900.00","$2,430.00",https://img1.wsimg.com/isteam/ip/6297fd88-bda9-4967-b377-b62716f47e9a/ols/20230301_121538.jpg,19
273,"Antique beautiful hand knotted Persian Faraghan design Rug Size 6'2""x13'7"" circa 1920s",https://baseerorientalrugs.com/hand-kotted-rugs-sale-1/ols/products/antique-beautiful-hand-knotted-persian-faraghan-design-rug-size-62x137-circa-1920s,"$5,900.00","$3,900.00",https://img1.wsimg.com/isteam/ip/6297fd88-bda9-4967-b377-b62716f47e9a/ols/20230301_115415.jpg,19
274,"Antique beautiful hand knotted Persian Bakhshaish design Rug Size 2'x9'7"" circa 1920s",https://baseerorientalrugs.com/hand-kotted-rugs-sale-1/ols/products/antique-beautiful-hand-knotted-persian-bakhshaish-design-rug-size-2x97-circa-1920s,"$2,650.00","$1,690.00",https://img1.wsimg.com/isteam/ip/6297fd88-bda9-4967-b377-b62716f47e9a/ols/20230301_114221.jpg,19
275,"Antique beautiful hand knotted art deco Chinese Rug Size 8'1""x10'4""circa 1920s vintage",https://baseerorientalrugs.com/hand-kotted-rugs-sale-1/ols/products/antique-beautiful-hand-knotted-art-deco-chinese-rug-size-81x104circa-1920s-vintage,"$4,500.00","$2,450.00",https://img1.wsimg.com/isteam/ip/6297fd88-bda9-4967-b377-b62716f47e9a/ols/20230301_110249.jpg,19
276,"(sold) Antique hand knotted worn Persian malayer Rug Size 2'7""x4'7"" circa 1920s",https://baseerorientalrugs.com/hand-kotted-rugs-sale-1/ols/products/antique-hand-knotted-worn-persian-malayer-rug-size-27x47-circa-1920s,$650.00,$225.00,https://img1.wsimg.com/isteam/ip/6297fd88-bda9-4967-b377-b62716f47e9a/ols/20230225_164704.jpg,19
277,"(sold) Hand hooked wool Japanese oval rug size 3'7""x5'4"" vintage",https://baseerorientalrugs.com/hand-kotted-rugs-sale-1/ols/products/hand-hooked-wool-japanese-oval-rug-size-37x54-vintage,$350.00,$75.00,https://img1.wsimg.com/isteam/ip/6297fd88-bda9-4967-b377-b62716f47e9a/ols/20230225_164607.jpg,19
278,"Hand knotted authentic Persian Tribal hamadon runner circa 1950s size 3'6""x10'9"" vintage",https://baseerorientalrugs.com/hand-kotted-rugs-sale-1/ols/products/hand-knotted-authentic-persian-tribal-hamadon-runner-circa-1950s-size-36x109-vintage,"$1,800.00",$950.00,https://img1.wsimg.com/isteam/ip/6297fd88-bda9-4967-b377-b62716f47e9a/ols/20230225_164413.jpg,19
279,"Beautiful handwoven authentic Persian Fragment runner rug size 1'6""x8'11"" circa 1880s",https://baseerorientalrugs.com/hand-kotted-rugs-sale-1/ols/products/beautiful-handwoven-authentic-persian-fragment-runner-rug-size-16x811-circa-1880s,"$3,900.00","$2,450.00",https://img1.wsimg.com/isteam/ip/6297fd88-bda9-4967-b377-b62716f47e9a/ols/20230225_163438.jpg,19
280,"Antique beautiful hand knotted art deco Chinese Rug Size 4'1""x5'7"" circa 1930s",https://baseerorientalrugs.com/hand-kotted-rugs-sale-1/ols/products/antique-beautiful-hand-knotted-art-deco-chinese-rug-size-41x57-circa-1930s,"$1,250.00",$375.00,https://img1.wsimg.com/isteam/ip/6297fd88-bda9-4967-b377-b62716f47e9a/ols/20230225_154558.jpg,19
281,"Antique washed hand knotted Persian Tabriz design rug size 4'4""x6'6"" circa 1970s",https://baseerorientalrugs.com/hand-kotted-rugs-sale-1/ols/products/antique-washed-hand-knotted-persian-tabriz-design-rug-size-44x66-circa-1970s,"$1,900.00",$575.00,https://img1.wsimg.com/isteam/ip/6297fd88-bda9-4967-b377-b62716f47e9a/ols/20230225_153615.jpg,19
282,"Decorative handwoven antique khottan design rug 100% pure wool runner size 4'1""x8'7"" ciraca 1920s",https://baseerorientalrugs.com/hand-kotted-rugs-sale-1/ols/products/decorative-handwoven-antique-khottan-design-rug-100-pure-wool-runner-size-41x87-ciraca-1920s,"$2,750.00","$1,450.00",https://img1.wsimg.com/isteam/ip/6297fd88-bda9-4967-b377-b62716f47e9a/ols/20230225_150211.jpg,19
283,"Decorative 100% pure wool hand knotted Persian Bijar runner size 3'3""x19'2"" circa 1970s",https://baseerorientalrugs.com/hand-kotted-rugs-sale-1/ols/products/decorative-100-pure-wool-hand-knotted-persian-bijar-runner-size-33x192-circa-1970s,"$3,800.00","$1,400.00",https://img1.wsimg.com/isteam/ip/6297fd88-bda9-4967-b377-b62716f47e9a/ols/20230225_131727.jpg,19
284,"Antique hand knotted authentic Persian Hamadon design Rug Size 3'6""x 6'2"" circa 1920s",https://baseerorientalrugs.com/hand-kotted-rugs-sale-1/ols/products/antique-hand-knotted-authentic-persian-hamadon-design-rug-size-36x-62-circa-1920s,"$1,950.00",$585.00,https://img1.wsimg.com/isteam/ip/6297fd88-bda9-4967-b377-b62716f47e9a/ols/20230225_125732.jpg,19
285,"Antique beautiful hand knotted Persian Mahal design Rug Size 4'2""x 6'8"" Fragment circa 1920s",https://baseerorientalrugs.com/hand-kotted-rugs-sale-1/ols/products/antique-beautiful-hand-knotted-persian-mahal-design-rug-size-42x-68-fragment-circa-1920s,"$1,200.00",$360.00,https://img1.wsimg.com/isteam/ip/6297fd88-bda9-4967-b377-b62716f47e9a/ols/20230225_125638.jpg,20
286,"Antique hand knotted Authentic Persian boteh design rug size 3'6""x4'6"" circa 1900s 100% wool pile and wool foundation",https://baseerorientalrugs.com/hand-kotted-rugs-sale-1/ols/products/antique-hand-knotted-authentic-persian-boteh-design-rug-size-36x46-circa-1900s-100-wool-pile-and-wool-foundation,"$1,100.00",$590.00,https://img1.wsimg.com/isteam/ip/6297fd88-bda9-4967-b377-b62716f47e9a/ols/20230225_125459.jpg,20
287,"Beautiful handwoven authentic Persian Afshar rug size 3'3""x4'8"" 100% pure wool pile and wool foundation circa 1960s",https://baseerorientalrugs.com/hand-kotted-rugs-sale-1/ols/products/beautiful-handwoven-authentic-persian-afshar-rug-size-33x48-100-pure-wool-pile-and-wool-foundation-circa-1960s,"$1,250.00",$650.00,https://img1.wsimg.com/isteam/ip/6297fd88-bda9-4967-b377-b62716f47e9a/ols/20230225_125425.jpg,20
288,"Beautiful handwoven authentic Persian Bijar rug size 3'7""x4'7"" 100% pure wool pile and cotton foundation circa 1960s",https://baseerorientalrugs.com/hand-kotted-rugs-sale-1/ols/products/beautiful-handwoven-authentic-persian-bijar-rug-size-37x47-100-pure-wool-pile-and-cotton-foundation-circa-1960s,"$1,290.00",$650.00,https://img1.wsimg.com/isteam/ip/6297fd88-bda9-4967-b377-b62716f47e9a/ols/20230225_123633.jpg,20
289,"Antique look hand knotted Afghan Kazakh design size 3'4""x4'10"" 100% pure wool pile new",https://baseerorientalrugs.com/hand-kotted-rugs-sale-1/ols/products/antique-look-hand-knotted-afghan-kazakh-design-size-34x410-100-pure-wool-pile-new,$990.00,$490.00,https://img1.wsimg.com/isteam/ip/6297fd88-bda9-4967-b377-b62716f47e9a/ols/20230225_123354.jpg,20
290,"Beautiful handwoven authentic Persian Lilihan rug size 3'5""x5' 100% pure wool pile and cotton foundation circa 1960s",https://baseerorientalrugs.com/hand-kotted-rugs-sale-1/ols/products/beautiful-handwoven-authentic-persian-lilihan-rug-size-35x5-100-pure-wool-pile-and-cotton-foundation-circa-1960s,"$1,400.00",$650.00,https://img1.wsimg.com/isteam/ip/6297fd88-bda9-4967-b377-b62716f47e9a/ols/20230225_123301.jpg,20
291,"Antique hand woven Morrocan tribal design kilim rug size 4'3""x106"" circa 1930s made of 100% wool",https://baseerorientalrugs.com/hand-kotted-rugs-sale-1/ols/products/antique-hand-woven-morrocan-tribal-design-kilim-rug-size-43x106-circa-1930s-made-of-100-wool,"$2,500.00",$950.00,https://img1.wsimg.com/isteam/ip/6297fd88-bda9-4967-b377-b62716f47e9a/ols/20230225_102838.jpg,20
292,Antique look hand knotted Afghan Kazakh design size 4'x6' new 100% pure wool,https://baseerorientalrugs.com/hand-kotted-rugs-sale-1/ols/products/antique-look-hand-knotted-afghan-kazakh-design-size-4x6-new-100-pure-wool,"$1,400.00",$750.00,https://img1.wsimg.com/isteam/ip/6297fd88-bda9-4967-b377-b62716f47e9a/ols/20230225_101917.jpg,20
293,"Decorative 100% pure wool hand knotted Afghan Bokhara design size 5'4""x9'4"" vintage",https://baseerorientalrugs.com/hand-kotted-rugs-sale-1/ols/products/decorative-100-pure-wool-hand-knotted-afghan-bokhara-design-size-54x94-vintage,"$2,450.00",$990.00,https://img1.wsimg.com/isteam/ip/6297fd88-bda9-4967-b377-b62716f47e9a/ols/20230225_101650.jpg,20
294,"Decorative 100% pure wool Afghan Kazakh design size 3'6""x5'3"" new",https://baseerorientalrugs.com/hand-kotted-rugs-sale-1/ols/products/decorative-100-pure-wool-afghan-kazakh-design-size-36x53-new,"$1,400.00",$420.00,https://img1.wsimg.com/isteam/ip/6297fd88-bda9-4967-b377-b62716f47e9a/ols/20230225_100901.jpg,20
295,"Decorative 100% pure wool handwoven Persian hamadon design size 3'3""x4'10"" circa 1970s",https://baseerorientalrugs.com/hand-kotted-rugs-sale-1/ols/products/decorative-100-pure-wool-handwoven-persian-hamadon-design-size-33x410-circa-1970s,"$1,200.00",$360.00,https://img1.wsimg.com/isteam/ip/6297fd88-bda9-4967-b377-b62716f47e9a/ols/20230225_100714.jpg,20
296,"Decorative 100% pure wool handwoven Afghan birds runner design size 4'x10'1"" new",https://baseerorientalrugs.com/hand-kotted-rugs-sale-1/ols/products/decorative-100-pure-wool-handwoven-afghan-birds-runner-design-size-4x101-new,"$3,000.00","$1,800.00",https://img1.wsimg.com/isteam/ip/6297fd88-bda9-4967-b377-b62716f47e9a/ols/20221025_124801-b7a5cee.jpg,20
297,"Beautiful antique handwoven authentic Persian Kerman rug size 3'9""x4' circa 1960s",https://baseerorientalrugs.com/hand-kotted-rugs-sale-1/ols/products/beautiful-antique-handwoven-authentic-persian-kerman-rug-size-39x4-circa-1960s,"$1,500.00",$675.00,https://img1.wsimg.com/isteam/ip/6297fd88-bda9-4967-b377-b62716f47e9a/ols/20230224_122346.jpg,20
298,Decorative 100% pure wool handwoven art deco Chinese rug design size 6'x9',https://baseerorientalrugs.com/hand-kotted-rugs-sale-1/ols/products/decorative-100-pure-wool-handwoven-art-deco-chinese-rug-design-size-6x9,"$3,900.00","$1,990.00",https://img1.wsimg.com/isteam/ip/6297fd88-bda9-4967-b377-b62716f47e9a/ols/20230223_140904.jpg,20
299,"100% Pure silk pile and silk foundation authentic Persian Qum design rug size 3'4""x4'10"" vintage",https://baseerorientalrugs.com/hand-kotted-rugs-sale-1/ols/products/100-pure-silk-pile-and-silk-foundation-authentic-persian-qum-design-rug-size-34x410-vintage,"$3,500.00","$1,500.00",https://img1.wsimg.com/isteam/ip/6297fd88-bda9-4967-b377-b62716f47e9a/ols/20230222_151444.jpg,20
300,"Decorative handwoven 100% pure wool geometric herize design Persian rug size 8'6""x11'2"" circa 1950s",https://baseerorientalrugs.com/hand-kotted-rugs-sale-1/ols/products/decorative-handwoven-100-pure-wool-geometric-herize-design-persian-rug-size-86x112,"$6,500.00","$3,900.00",https://img1.wsimg.com/isteam/ip/6297fd88-bda9-4967-b377-b62716f47e9a/ols/20230222_145721-ea973f7.jpg,21
301,"Decorative handwoven Persian geomatric herize design 100% pure soft wool rug size 3'8""x11'2"" circa 1960s",https://baseerorientalrugs.com/hand-kotted-rugs-sale-1/ols/products/decorative-handwoven-persian-geomatric-herize-design-100-pure-soft-wool-rug-size-38x112-circa-1960s,"$2,650.00","$1,500.00",https://img1.wsimg.com/isteam/ip/6297fd88-bda9-4967-b377-b62716f47e9a/ols/20230222_125406.jpg,21
302,"Decorative handwoven 100% pure wool tirbal design Persian runner size 3'4""X12'5"" circa 1950s",https://baseerorientalrugs.com/hand-kotted-rugs-sale-1/ols/products/decorative-handwoven-100-pure-wool-tirbal-design-persian-runner-size-34x125-circa-1950s,"$2,700.00",$810.00,https://img1.wsimg.com/isteam/ip/6297fd88-bda9-4967-b377-b62716f47e9a/ols/20230222_124031.jpg,21
303,"Antique beautiful hand knotted art deco Chinese Rug Size 5'11""X8'7"" circa 1920s",https://baseerorientalrugs.com/hand-kotted-rugs-sale-1/ols/products/antique-beautiful-hand-knotted-art-deco-chinese-rug-size-511x87-circa-1920s,"$3,800.00","$1,800.00",https://img1.wsimg.com/isteam/ip/6297fd88-bda9-4967-b377-b62716f47e9a/ols/20230222_123136.jpg,21
304,Decorative beautiful hand knotted art deco Chinese Rug Size 5'x8' circa 1970s,https://baseerorientalrugs.com/hand-kotted-rugs-sale-1/ols/products/decorative-beautiful-hand-knotted-art-deco-chinese-rug-size-5x8-circa-1970s,"$3,800.00","$1,140.00",https://img1.wsimg.com/isteam/ip/6297fd88-bda9-4967-b377-b62716f47e9a/ols/20230222_122623.jpg,21
305,"Antique hand knotted Authentic Coucasian rug size 5'1""x7'8"" circa 1900s 100% wool pile and wool foundation",https://baseerorientalrugs.com/hand-kotted-rugs-sale-1/ols/products/antique-hand-knotted-authentic-coucasian-rug-size-51x78-circa-1900s-100-wool-pile-and-wool-foundation,"$3,500.00","$2,700.00",https://img1.wsimg.com/isteam/ip/6297fd88-bda9-4967-b377-b62716f47e9a/ols/20230222_120815.jpg,21
306,"Antique hand knotted Authentic Persian Tabriz rug size 3'6""x4'9"" circa 1930s 100% wool pile",https://baseerorientalrugs.com/hand-kotted-rugs-sale-1/ols/products/antique-hand-knotted-authentic-persian-tabriz-rug-size-36x49-circa-1930s-100-wool-pile,"$2,500.00","$1,400.00",https://img1.wsimg.com/isteam/ip/6297fd88-bda9-4967-b377-b62716f47e9a/ols/20230222_113618.jpg,21
307,"Antique beautiful hand knotted art deco Chinese Rug Size 4'2""x 6'8"" circa 1920s",https://baseerorientalrugs.com/hand-kotted-rugs-sale-1/ols/products/antique-beautiful-hand-knotted-art-deco-chinese-rug-size-42x-68-circa-1920s,"$1,900.00","$1,250.00",https://img1.wsimg.com/isteam/ip/6297fd88-bda9-4967-b377-b62716f47e9a/ols/20230222_113330.jpg,21
308,Decorative handwoven Afghan kazakh modern design 100% wool rug size 4'x6' new,https://baseerorientalrugs.com/hand-kotted-rugs-sale-1/ols/products/decorative-handwoven-afghan-kazakh-modern-design-100-wool-rug-size-4x6-new,"$1,680.00",$850.00,https://img1.wsimg.com/isteam/ip/6297fd88-bda9-4967-b377-b62716f47e9a/ols/20230222_112409.jpg,21
309,"Antique hand knotted Authentic North West Persian rug size 3'10""x6' circa 1900s 100% wool pile and wool foundation",https://baseerorientalrugs.com/hand-kotted-rugs-sale-1/ols/products/antique-hand-knotted-authentic-north-west-persian-rug-size-310x6-circa-1900s-100-wool-pile-and-wool-foundation,"$4,900.00","$2,250.00",https://img1.wsimg.com/isteam/ip/6297fd88-bda9-4967-b377-b62716f47e9a/ols/20230222_112057.jpg,21
310,"Antique hand knotted Authentic Coucasian rug size 4'10""x5'5"" circa 1900s 100% wool pile and wool foundation",https://baseerorientalrugs.com/hand-kotted-rugs-sale-1/ols/products/antique-hand-knotted-authentic-coucasian-rug-size-98x128-circa-1900s-100-wool-pile-and-wool-foundation,"$2,500.00","$1,750.00",https://img1.wsimg.com/isteam/ip/6297fd88-bda9-4967-b377-b62716f47e9a/ols/20230222_105740.jpg,21
311,"Antique hand knotted Authentic Persian rug size 9'8""x12'8"" circa 1920s 100% wool pile",https://baseerorientalrugs.com/hand-kotted-rugs-sale-1/ols/products/antique-hand-knotted-authentic-persian-rug-size-98x128-circa-1920s-100-wool-pile,"$8,500.00","$4,900.00",https://img1.wsimg.com/isteam/ip/6297fd88-bda9-4967-b377-b62716f47e9a/ols/20230222_103059.jpg,21
312,"Antique hand knotted Saroke design authentic Persian rug size 4'2""x6'5"" circa 1920s",https://baseerorientalrugs.com/hand-kotted-rugs-sale-1/ols/products/antique-hand-knotted-saroke-design-authentic-persian-rug-size-42x65-circa-1920s,"$3,500.00","$2,500.00",https://img1.wsimg.com/isteam/ip/6297fd88-bda9-4967-b377-b62716f47e9a/ols/20230217_150542.jpg,21
313,Decorative handwoven art deco Chinese design 100% pure soft wool rug size2'x4' circa 1920s,https://baseerorientalrugs.com/hand-kotted-rugs-sale-1/ols/products/decorative-handwoven-art-deco-chinese-design-100-pure-soft-wool-rug-size2x4-circa-1920s,"$1,100.00",$650.00,https://img1.wsimg.com/isteam/ip/6297fd88-bda9-4967-b377-b62716f47e9a/ols/20230217_145151-649a53a.jpg,21
314,Decorative handwoven art deco Chinese design 100% pure soft wool rug size 2'x4' circa 1920s,https://baseerorientalrugs.com/hand-kotted-rugs-sale-1/ols/products/decorative-handwoven-art-deco-chinese-design-100-pure-soft-wool-rug-size-2x4-circa-1920s,"$1,100.00",$650.00,https://img1.wsimg.com/isteam/ip/6297fd88-bda9-4967-b377-b62716f47e9a/ols/20230217_145102.jpg,21
315,Antique hand knotted decorative art deco Chinese rug size 2'x4' circa 1920s,https://baseerorientalrugs.com/hand-kotted-rugs-sale-1/ols/products/antique-hand-knotted-decorative-art-deco-chinese-rug-size-2x4-circa-1920s,"$1,100.00",$650.00,https://img1.wsimg.com/isteam/ip/6297fd88-bda9-4967-b377-b62716f47e9a/ols/20230217_145223.jpg,22
316,Decorative 100% pure wool handwoven art deco Chinese rug size 2'x4' circa 1920s,https://baseerorientalrugs.com/hand-kotted-rugs-sale-1/ols/products/decorative-100-pure-wool-handwoven-art-deco-chinese-rug-size-2x4-circa-1920s,"$1,100.00",$650.00,https://img1.wsimg.com/isteam/ip/6297fd88-bda9-4967-b377-b62716f47e9a/ols/IMG_20230218_055916_989.jpg,22
317,"Decorative 100% pure wool handwoven Persian Lilihan design size 2'10""x9'7""",https://baseerorientalrugs.com/hand-kotted-rugs-sale-1/ols/products/decorative-100-pure-wool-handwoven-persian-lilihan-design-size-210x97,"$2,800.00","$1,475.00",https://img1.wsimg.com/isteam/ip/6297fd88-bda9-4967-b377-b62716f47e9a/ols/IMG_20230218_200801_923.jpg,22
318,"Decorative 100% pure wool handwoven authentic Persian Faraghan design size 3'5""x5'6""",https://baseerorientalrugs.com/hand-kotted-rugs-sale-1/ols/products/decorative-100-pure-wool-handwoven-authentic-persian-faraghan-design-size-35x56,"$1,550.00",$465.00,https://img1.wsimg.com/isteam/ip/6297fd88-bda9-4967-b377-b62716f47e9a/ols/20230214_141202.jpg,22
319,"Decorative 100% pure wool handwoven Moroccan rug with Somakh design size 3'11""x6'3"" vintage",https://baseerorientalrugs.com/hand-kotted-rugs-sale-1/ols/products/decorative-100-pure-wool-handwoven-moroccan-rug-with-somakh-design-size-311x63-vintage,$875.00,$262.00,https://img1.wsimg.com/isteam/ip/6297fd88-bda9-4967-b377-b62716f47e9a/ols/20230214_140948-1f1750e.jpg,22
320,"Decorative 100% pure wool handwoven Persian Kermanshah rare design size 4'3""x6'4"" circa 1880s or older",https://baseerorientalrugs.com/hand-kotted-rugs-sale-1/ols/products/decorative-100-pure-wool-handwoven-persian-kermanshah-rare-design-size-43x64-circa-1880s-or-older,"$4,500.00","$2,450.00",https://img1.wsimg.com/isteam/ip/6297fd88-bda9-4967-b377-b62716f47e9a/ols/20230214_144942-55fe3b7.jpg,22
321,"100% pure wool Afghan Beluchi tribal design rug size 4'9""x8'3"" circa 1970s",https://baseerorientalrugs.com/hand-kotted-rugs-sale-1/ols/products/100-pure-wool-afghan-beluchi-tribal-design-rug-size-49x83-circa-1970s,"$2,450.00","$1,250.00",https://img1.wsimg.com/isteam/ip/6297fd88-bda9-4967-b377-b62716f47e9a/ols/20230214_131942-e47aebb.jpg,22
322,"Beautiful hand knotted 100% pure wool Afghan Bokhara design rug size 3'5""x4'10""",https://baseerorientalrugs.com/hand-kotted-rugs-sale-1/ols/products/beautiful-hand-knotted-100-pure-wool-afghan-bokhara-design-rug-size-35x410,"$1,200.00",$360.00,https://img1.wsimg.com/isteam/ip/6297fd88-bda9-4967-b377-b62716f47e9a/ols/20230214_131510-2c56f0d.jpg,22
323,"(SOLD) Afghan Turkman rug 100% wool pile and foundation circa 1880s size 5'2""x6'",https://baseerorientalrugs.com/hand-kotted-rugs-sale-1/ols/products/afghan-turkman-rug-100-wool-pile-and-foundation-circa-1880s-size-52x6,"$2,900.00","$2,200.00",https://img1.wsimg.com/isteam/ip/6297fd88-bda9-4967-b377-b62716f47e9a/ols/20230214_153425-1d6a746.jpg,22
324,"Decorative hand knotted antique art deco Chinese rug 100% pure soft wool rug size 3'x4'7"" circa 1930s",https://baseerorientalrugs.com/hand-kotted-rugs-sale-1/ols/products/decorative-hand-knotted-antique-art-deco-chinese-rug-100-pure-soft-wool-rug-size-3x47-circa-1930s,$970.00,$291.00,https://img1.wsimg.com/isteam/ip/6297fd88-bda9-4967-b377-b62716f47e9a/ols/20230214_151534-50ed874.jpg,22
325,"Decorative 100% pure wool Afghan Kazakh design size 3'8""x4'11"" new",https://baseerorientalrugs.com/hand-kotted-rugs-sale-1/ols/products/decorative-100-pure-wool-afghan-kazakh-design-size-38x411-new,"$1,290.00",$387.00,https://img1.wsimg.com/isteam/ip/6297fd88-bda9-4967-b377-b62716f47e9a/ols/20230214_142217.jpg,22
326,"Decorative handwoven Afghan Kazakh design 100% wool pile rug size 3'6""x5'2""",https://baseerorientalrugs.com/hand-kotted-rugs-sale-1/ols/products/decorative-handwoven-afghan-kazakh-design-100-wool-pile-rug-size-36x52,"$1,490.00",$447.00,https://img1.wsimg.com/isteam/ip/6297fd88-bda9-4967-b377-b62716f47e9a/ols/20230214_131619-cde8531.jpg,22
327,"Vintage handwoven Isfahan design round rug size 5'2""x5'2""t circa 1970s 100% wool",https://baseerorientalrugs.com/hand-kotted-rugs-sale-1/ols/products/vintage-handwoven-isfahan-design-round-rug-size-52x52t-circa-1970s-100-wool,"$1,500.00",$450.00,https://img1.wsimg.com/isteam/ip/6297fd88-bda9-4967-b377-b62716f47e9a/ols/20230214_144725.jpg,22
328,"Antique hand knotted Boteh design authentic Persian rug size 3'6""x7'7"" circa 1920s",https://baseerorientalrugs.com/hand-kotted-rugs-sale-1/ols/products/antique-hand-knotted-boteh-design-authentic-persian-rug-size-36x77-circa-1920s,"$1,600.00",$850.00,https://img1.wsimg.com/isteam/ip/6297fd88-bda9-4967-b377-b62716f47e9a/ols/20230214_135455.jpg,22
329,"Decorative handwoven 100% pure wool authentic Persian Bijar design rug size 4'2""x4'8""",https://baseerorientalrugs.com/hand-kotted-rugs-sale-1/ols/products/decorative-handwoven-100-pure-wool-authentic-persian-bijar-design-rug-size-42x48,"$2,200.00",$660.00,https://img1.wsimg.com/isteam/ip/6297fd88-bda9-4967-b377-b62716f47e9a/ols/20230214_141735.jpg,22
330,"Decorative handwoven authentic antique Persian Mahal Sultanabad size 10'9""x13' circa 1880s",https://baseerorientalrugs.com/hand-kotted-rugs-sale-1/ols/products/decorative-handwoven-authentic-antique-persian-mahal-sultanabad-size-109x13-circa-1880s,"$28,900.00","$16,500.00",https://img1.wsimg.com/isteam/ip/6297fd88-bda9-4967-b377-b62716f47e9a/ols/20230214_124841.jpg,23
331,"Vintage handwoven Bokhara design rug size 4'3""x6' 100% wool pile",https://baseerorientalrugs.com/hand-kotted-rugs-sale-1/ols/products/vintage-handwoven-bokhara-design-rug-size-43x6-100-wool-pile,"$1,250.00",$375.00,https://img1.wsimg.com/isteam/ip/6297fd88-bda9-4967-b377-b62716f47e9a/ols/20230215_130043.jpg,23
332,"Decorative 100% pure wool handwoven Persian Herize design size 4'10""x6' circa 1950s",https://baseerorientalrugs.com/hand-kotted-rugs-sale-1/ols/products/decorative-100-pure-wool-handwoven-persian-herize-design-size-410x6-circa-1950s,"$1,950.00","$1,250.00",https://img1.wsimg.com/isteam/ip/6297fd88-bda9-4967-b377-b62716f47e9a/ols/20230215_124857.jpg,23
333,"Decorative 100% pure wool handwoven Persian Herize design size 6'3""x9'5"" circa 1950s",https://baseerorientalrugs.com/hand-kotted-rugs-sale-1/ols/products/decorative-100-pure-wool-handwoven-persian-herize-design-size-63x95,"$4,950.00","$2,900.00",https://img1.wsimg.com/isteam/ip/6297fd88-bda9-4967-b377-b62716f47e9a/ols/20230215_122901.jpg,23
334,"Antique hand knotted NW Persian runner made of 100% pure wool size 3'6""x12' circa 1900s",https://baseerorientalrugs.com/hand-kotted-rugs-sale-1/ols/products/antique-hand-knotted-nw-persian-runner-made-of-100-pure-wool-size-36x12-circa-1900s,"$5,500.00","$1,650.00",https://img1.wsimg.com/isteam/ip/6297fd88-bda9-4967-b377-b62716f47e9a/ols/20230215_123917.jpg,23
335,"Soft colors antique hand knotted Turkish Sivas design 100% pure wool pile rug size 12'7""x21ft circa 1930s",https://baseerorientalrugs.com/hand-kotted-rugs-sale-1/ols/products/soft-colors-antique-hand-knotted-turkish-sivas-design-100-pure-wool-pile-rug-size-127x21ft-circa-1930s,"$22,500.00","$14,750.00",https://img1.wsimg.com/isteam/ip/6297fd88-bda9-4967-b377-b62716f47e9a/ols/20230211_125548.jpg,23
336,"Decorative very fine 100% pure wool handwoven Kerman design size 12' x 17'9"" circa 1950s",https://baseerorientalrugs.com/hand-kotted-rugs-sale-1/ols/products/decorative-very-fine-100-pure-wool-handwoven-kerman-design-size-12-x-179-circa-1950s,"$18,900.00","$9,670.00",https://img1.wsimg.com/isteam/ip/6297fd88-bda9-4967-b377-b62716f47e9a/ols/20230211_123424.jpg,23
337,"Decorative 100% pure wool handwoven art deco Chinese rug design size 10'10""x15'10""",https://baseerorientalrugs.com/hand-kotted-rugs-sale-1/ols/products/decorative-100-pure-wool-handwoven-art-deco-chinese-rug-design-size-1010x1210,"$11,750.00","$6,900.00",https://img1.wsimg.com/isteam/ip/6297fd88-bda9-4967-b377-b62716f47e9a/ols/20230211_140701.jpg,23
338,"Decorative handwoven soft colors Indian Agra design 100% pure soft wool rug size 10'5""x17'9""",https://baseerorientalrugs.com/hand-kotted-rugs-sale-1/ols/products/decorative-handwoven-soft-colors-indian-agra-design-100-pure-soft-wool-rug-size-105x179,"$12,500.00","$7,500.00",https://img1.wsimg.com/isteam/ip/6297fd88-bda9-4967-b377-b62716f47e9a/ols/20230211_121808.jpg,23
339,"Antique hand knotted blue Art deco Chinese rug size 10'9""x17'2"" circa 1920s",https://baseerorientalrugs.com/hand-kotted-rugs-sale-1/ols/products/antique-hand-knotted-blue-art-deco-chinese-rug-size-109x172-circa-1920s,"$11,900.00","$6,900.00",https://img1.wsimg.com/isteam/ip/6297fd88-bda9-4967-b377-b62716f47e9a/ols/20230210_155528.jpg,23
340,"Very fine quality hand knotted authentic Persian Kerman design rug size 11'10""x18'1"" circa 1950s",https://baseerorientalrugs.com/hand-kotted-rugs-sale-1/ols/products/very-fine-quality-hand-knotted-authentic-persian-kerman-design-rug-size-1110x181-circa-1950s,"$24,500.00","$14,000.00",https://img1.wsimg.com/isteam/ip/6297fd88-bda9-4967-b377-b62716f47e9a/ols/20230210_141021.jpg,23
341,"Decorative handwoven 100% pure wool pile and cotton foundation Afghan Chobi design size 11'9""x16'2"" Vintage",https://baseerorientalrugs.com/hand-kotted-rugs-sale-1/ols/products/decorative-handwoven-100-pure-wool-pile-and-cotton-foundation-afghan-chobi-design-size-119x162-vintage,"$12,900.00","$6,770.00",https://img1.wsimg.com/isteam/ip/6297fd88-bda9-4967-b377-b62716f47e9a/ols/20230210_111211.jpg,23
342,"Decorative 100% pure wool pile and cotton foundation hand knotted art deco Chinese rug size 8'10""x11'10"" circa 1950s",https://baseerorientalrugs.com/hand-kotted-rugs-sale-1/ols/products/decorative-100-pure-wool-pile-and-cotton-foundation-hand-knotted-art-deco-chinese-rug-size-810x1110,"$6,900.00","$3,650.00",https://img1.wsimg.com/isteam/ip/6297fd88-bda9-4967-b377-b62716f47e9a/ols/20230209_155716.jpg,23
343,"Antique hand knotted Kerman design authentic Persian rug size 8ft5"" by12ft circa 1920s",https://baseerorientalrugs.com/hand-kotted-rugs-sale-1/ols/products/antique-hand-knotted-kerman-design-authentic-persian-rug-size-8ft5-by12ft-circa-1920s,"$6,500.00","$1,950.00",https://img1.wsimg.com/isteam/ip/6297fd88-bda9-4967-b377-b62716f47e9a/ols/20230209_115444.jpg,23
344,"Decorative 100% pure wool handwoven Indian Agra design size 11'4""x 18' circa 1950s",https://baseerorientalrugs.com/hand-kotted-rugs-sale-1/ols/products/decorative-100-pure-wool-handwoven-indian-agra-design-size-114x-18-circa-1950s,"$18,900.00","$12,500.00",https://img1.wsimg.com/isteam/ip/6297fd88-bda9-4967-b377-b62716f47e9a/ols/20230208_104752-511989f.jpg,23
345,"Hand knotted authentic Persian Kashan with signature circa 1950s size 4'8""x7'5""",https://baseerorientalrugs.com/hand-kotted-rugs-sale-1/ols/products/hand-knotted-authentic-persian-kashan-with-signature-circa-1950s-size-48x75,"$2,900.00","$1,450.00",https://img1.wsimg.com/isteam/ip/6297fd88-bda9-4967-b377-b62716f47e9a/ols/20230204_122900.jpg,24
346,"Decorative hand knotted beautiful birds rug made of 100% pure soft wool rug size 5'x6'9"" new",https://baseerorientalrugs.com/hand-kotted-rugs-sale-1/ols/products/decorative-hand-knotted-beautiful-birds-rug-made-of-100-pure-soft-wool-rug-size-5x69-new,"$2,275.00","$1,425.00",https://img1.wsimg.com/isteam/ip/6297fd88-bda9-4967-b377-b62716f47e9a/ols/20230204_120554.jpg,24
347,"Decorative 100% pure wool handwoven Oushak design size 3'9""x5'8"" new",https://baseerorientalrugs.com/hand-kotted-rugs-sale-1/ols/products/decorative-100-pure-wool-handwoven-oushak-design-size-39x58-new,"$1,560.00",$840.00,https://img1.wsimg.com/isteam/ip/6297fd88-bda9-4967-b377-b62716f47e9a/ols/20230204_114443.jpg,24
348,"Decorative handwoven Afghan khorjen design 100% pure soft wool rug size 5'6""x8'7"" new",https://baseerorientalrugs.com/hand-kotted-rugs-sale-1/ols/products/decorative-handwoven-afghan-khorjen-design-100-pure-soft-wool-rug-size-56x87-new,"$3,500.00","$2,160.00",https://img1.wsimg.com/isteam/ip/6297fd88-bda9-4967-b377-b62716f47e9a/ols/20230204_115708.jpg,24
349,Decorative 100% pure wool handwoven Afghan Kazakh design size 5ft by 7ft new,https://baseerorientalrugs.com/hand-kotted-rugs-sale-1/ols/products/decorative-100-pure-wool-handwoven-afghan-kazakh-design-size-5ft-by-7ft-new,"$2,500.00","$1,275.00",https://img1.wsimg.com/isteam/ip/6297fd88-bda9-4967-b377-b62716f47e9a/ols/20230127_122044.jpg,24
350,100% wool hand knotted Turkish tribal rug size 3'x6' circa 1940s,https://baseerorientalrugs.com/hand-kotted-rugs-sale-1/ols/products/100-wool-hand-knotted-turkish-tribal-rug-size-3x6-circa-1940s,"$1,275.00",$650.00,https://img1.wsimg.com/isteam/ip/6297fd88-bda9-4967-b377-b62716f47e9a/ols/20230127_113457.jpg,24
351,"Antique hand knotted Bijar design authentic Persian rug size 4ft4"" by7ft 5"" circa 1900s",https://baseerorientalrugs.com/hand-kotted-rugs-sale-1/ols/products/antique-hand-knotted-bijar-design-authentic-persian-rug-size-4ft4-by7ft-5-circa-1900s,"$3,900.00","$1,900.00",https://img1.wsimg.com/isteam/ip/6297fd88-bda9-4967-b377-b62716f47e9a/ols/20230127_113300.jpg,24
352,Decorative 100% pure silk & wool handwoven Persian Tabriz design size 8ft by 10ft Vintage,https://baseerorientalrugs.com/hand-kotted-rugs-sale-1/ols/products/decorative-100-pure-silk-wool-handwoven-persian-tabriz-design-size-8ft-by-10ft-vintage,"$5,600.00","$2,900.00",https://img1.wsimg.com/isteam/ip/6297fd88-bda9-4967-b377-b62716f47e9a/ols/20230118_113439.jpg,24
353,Decorative 100% pure wool handwoven beautiful Persian Kashan rug size 9ft by 12ft,https://baseerorientalrugs.com/hand-kotted-rugs-sale-1/ols/products/decorative-100-pure-wool-handwoven-beautiful-persian-kashan-rug-size-9ft-by-12ft,"$7,200.00","$4,500.00",https://img1.wsimg.com/isteam/ip/6297fd88-bda9-4967-b377-b62716f47e9a/ols/20230117_170543.jpg,24
354,Decorative 100% pure wool European design needlepoint rug circa 1950s size 11ft by 15ft,https://baseerorientalrugs.com/hand-kotted-rugs-sale-1/ols/products/decorative-100-pure-wool-european-design-needlepoint-rug-circa-1950s-size-11ft-by-15ft,"$8,900.00","$5,900.00",https://img1.wsimg.com/isteam/ip/6297fd88-bda9-4967-b377-b62716f47e9a/ols/20230128_125801.jpg,24
355,"Decorative handwoven Afghan Chobi design 100% pure soft wool rug size 8'7""x11ft",https://baseerorientalrugs.com/hand-kotted-rugs-sale-1/ols/products/decorative-handwoven-afghan-chobi-design-100-pure-soft-wool-rug-size-87x11ft,"$5,500.00","$3,500.00",https://img1.wsimg.com/isteam/ip/6297fd88-bda9-4967-b377-b62716f47e9a/ols/20230128_122706.jpg,24
356,Decorative 100% handwoven soft colors authentic Persian Kashan design 100% pure soft wool rug size 8x11ft (BIG SAVING on this rug),https://baseerorientalrugs.com/hand-kotted-rugs-sale-1/ols/products/decorative-handwoven-soft-colors-authentic-persian-kashan-design-100-pure-soft-wool-rug-size-8x11ft,"$4,900.00","$2,200.00",https://img1.wsimg.com/isteam/ip/6297fd88-bda9-4967-b377-b62716f47e9a/ols/20230127_160413.jpg,24
357,"Authentic 100% pure silk and wool Persian Tabriz design rug size 6'6""x10'",https://baseerorientalrugs.com/hand-kotted-rugs-sale-1/ols/products/authentic-100-pure-silk-and-wool-persian-tabriz-design-rug-size-66x10,"$6,900.00","$4,500.00",https://img1.wsimg.com/isteam/ip/6297fd88-bda9-4967-b377-b62716f47e9a/ols/20230202_102313.jpg,24
358,"Decorative handwoven authentic Persian Herize design 100% pure soft wool rug size 7'9""x9'6""",https://baseerorientalrugs.com/hand-kotted-rugs-sale-1/ols/products/decorative-handwoven-authentic-persian-herize-design-100-pure-soft-wool-rug-size-79x96,"$5,500.00","$2,900.00",https://img1.wsimg.com/isteam/ip/6297fd88-bda9-4967-b377-b62716f47e9a/ols/20230202_121209.jpg,24
359,"Decorative handwoven 100% pure wool Indian Agra design rug size 8'7""x12' New",https://baseerorientalrugs.com/hand-kotted-rugs-sale-1/ols/products/decorative-handwoven-100-pure-wool-indian-agra-design-rug-size-87x12-new,"$6,500.00","$4,200.00",https://img1.wsimg.com/isteam/ip/6297fd88-bda9-4967-b377-b62716f47e9a/ols/20230202_103640-539b3ed.jpg,24
360,"Decorative handwoven allover Indian Agra design 100% pure soft wool rug size 8'7""x12ft circa 1940s",https://baseerorientalrugs.com/hand-kotted-rugs-sale-1/ols/products/decorative-handwoven-allover-indian-agra-design-100-pure-soft-wool-rug-size-87x12ft-circa-1940s,"$7,500.00","$5,500.00",https://img1.wsimg.com/isteam/ip/6297fd88-bda9-4967-b377-b62716f47e9a/ols/20230128_114126.jpg,25
361,"Decorative handwoven 100% pure wool authentic Persian Herize rug size 10'6""x13'2"" circa 1930s",https://baseerorientalrugs.com/hand-kotted-rugs-sale-1/ols/products/decorative-handwoven-100-pure-wool-authentic-persian-herize-rug-size-106x132-circa-1930s,"$14,500.00","$10,500.00",https://img1.wsimg.com/isteam/ip/6297fd88-bda9-4967-b377-b62716f47e9a/ols/20230131_131217.jpg,25
362,"Decorative hand knotted Persian Heriz rug with beautiful geometric design size 10'2""x12'9"" circa 1930s",https://baseerorientalrugs.com/hand-kotted-rugs-sale-1/ols/products/decorative-hand-knotted-persian-heriz-rug-with-beautiful-geometric-design-size-102x129-circa-1930s,"$14,500.00","$9,500.00",https://img1.wsimg.com/isteam/ip/6297fd88-bda9-4967-b377-b62716f47e9a/ols/20230131_130236.jpg,25
363,"(SOLD) Traditional authentic silk and wool Persian Tabriz rug size 8'2""x11'8"" Vintage",https://baseerorientalrugs.com/hand-kotted-rugs-sale-1/ols/products/traditional-authentic-silk-and-wool-persian-tabriz-rug-size-82x118-vintage,"$12,500.00","$7,500.00",https://img1.wsimg.com/isteam/ip/6297fd88-bda9-4967-b377-b62716f47e9a/ols/20230131_125329.jpg,25
364,"Beautiful geometric herize design authentic Persian rug size 7'10""x9'7"" circa 1930s",https://baseerorientalrugs.com/hand-kotted-rugs-sale-1/ols/products/beautiful-geometric-herize-design-authentic-persian-rug-size-106x132-circa-1930s,"$6,500.00","$3,900.00",https://img1.wsimg.com/isteam/ip/6297fd88-bda9-4967-b377-b62716f47e9a/ols/20230131_124523.jpg,25
365,"Decorative handwoven Aubusson design 100% pure wool size 13'x16'5"" soft colors",https://baseerorientalrugs.com/hand-kotted-rugs-sale-1/ols/products/decorative-handwoven-aubusson-design-100-pure-wool-size-13x165-soft-colors,"$12,500.00","$6,500.00",https://img1.wsimg.com/isteam/ip/6297fd88-bda9-4967-b377-b62716f47e9a/ols/20230131_140742.jpg,25
366,"Traditional authentic hand knotted Persian Najafabad 100% pure wool pile size 8'9""x12'",https://baseerorientalrugs.com/hand-kotted-rugs-sale-1/ols/products/traditional-authentic-hand-knotted-persian-najafabad-100-pure-wool-pile-size-89x12,"$7,500.00","$4,900.00",https://img1.wsimg.com/isteam/ip/6297fd88-bda9-4967-b377-b62716f47e9a/ols/20230201_114833.jpg,25
367,"Decorative hand knotted Turkish Oushak design 100% pure soft wool rug size 8'3""x10ft",https://baseerorientalrugs.com/hand-kotted-rugs-sale-1/ols/products/decorative-hand-knotted-turkish-oushak-design-100-pure-soft-wool-rug-size-83x10ft,"$4,500.00","$2,880.00",https://img1.wsimg.com/isteam/ip/6297fd88-bda9-4967-b377-b62716f47e9a/ols/20230201_112949-4094829.jpg,25
368,(SOLD) Decorative handwoven beautiful Khotan design Afghan rug 100% pure soft wool rug size 8'x10ft New,https://baseerorientalrugs.com/hand-kotted-rugs-sale-1/ols/products/decorative-handwoven-turkish-oushak-design-100-pure-soft-wool-rug-size-83x10ft-new,"$5,500.00","$3,650.00",https://img1.wsimg.com/isteam/ip/6297fd88-bda9-4967-b377-b62716f47e9a/ols/20230201_113558.jpg,25
369,"Decorative handwoven Turkish Oushak design 100% pure soft wool rug size 8'2""x10ft",https://baseerorientalrugs.com/hand-kotted-rugs-sale-1/ols/products/decorative-handwoven-turkish-oushak-design-100-pure-soft-wool-rug-size-82x10ft,"$4,500.00","$3,280.00",https://img1.wsimg.com/isteam/ip/6297fd88-bda9-4967-b377-b62716f47e9a/ols/20230201_111831.jpg,25
370,Decorative hand knotted Oushak design 100% pure soft wool Turkish style rug size 8x10ft,https://baseerorientalrugs.com/hand-kotted-rugs-sale-1/ols/products/decorative-hand-knotted-oushak-design-100-pure-soft-wool-turkish-style-rug-size-8x10ft,"$4,500.00","$3,280.00",https://img1.wsimg.com/isteam/ip/6297fd88-bda9-4967-b377-b62716f47e9a/ols/20230201_112335.jpg,25
371,"Antique hand knotted Tabriz design authentic Persian rug size 9'6""x12'8"" circa 1930s",https://baseerorientalrugs.com/hand-kotted-rugs-sale-1/ols/products/antique-hand-knotted-tabriz-design-authentic-persian-rug-size-96x128-circa-1930s,"$12,500.00","$8,500.00",https://img1.wsimg.com/isteam/ip/6297fd88-bda9-4967-b377-b62716f47e9a/ols/20230201_111328.jpg,25
372,"Decorative hand knotted herize Serapies design 100% pure wool rug size 9'7""x12'7"" New",https://baseerorientalrugs.com/hand-kotted-rugs-sale-1/ols/products/decorative-hand-knotted-herize-serapies-design-100-pure-wool-rug-size-97x127-new,"$6,500.00","$3,900.00",https://img1.wsimg.com/isteam/ip/6297fd88-bda9-4967-b377-b62716f47e9a/ols/20230201_110122.jpg,25
373,Decorative handwoven Oushak design 100% pure soft wool rug size 9ft by12ft New,https://baseerorientalrugs.com/hand-kotted-rugs-sale-1/ols/products/decorative-handwoven-oushak-design-100-pure-soft-wool-rug-size-9ft-by12ft-new,"$5,940.00","$3,780.00",https://img1.wsimg.com/isteam/ip/6297fd88-bda9-4967-b377-b62716f47e9a/ols/20230131_162518.jpg,25
374,(sold) Beautiful colorful hand knotted 100% pure wool rug size 5x7ft,https://baseerorientalrugs.com/hand-kotted-rugs-sale-1/ols/products/beautiful-colorful-hand-knotted-100-pure-wool-rug-size-5x8ft,"$2,500.00","$1,290.00",https://img1.wsimg.com/isteam/ip/6297fd88-bda9-4967-b377-b62716f47e9a/ols/20230118_132143.jpg,25
375,(SOLD) decorative handwoven Afghan kazakh design size 9x12ft 100% wool,https://baseerorientalrugs.com/hand-kotted-rugs-sale-1/ols/products/decorative-handwoven-afghan-kazakh-design-size-9x12ft-100-wool,"$5,900.00","$3,780.00",https://img1.wsimg.com/isteam/ip/6297fd88-bda9-4967-b377-b62716f47e9a/ols/20230120_102644.jpg,26
376,"Beautiful hand knotted 100% pure wool authentic fine quality Persian Tabriz rug size 9'8""x13'7""",https://baseerorientalrugs.com/hand-kotted-rugs-sale-1/ols/products/beautiful-hand-knotted-100-pure-wool-authentic-fine-quality-persian-tabriz-rug-size-98x137,"$14,500.00","$4,350.00",https://img1.wsimg.com/isteam/ip/6297fd88-bda9-4967-b377-b62716f47e9a/ols/20230113_103900.jpg,26
377,(SOLD) decorative handwoven authentic Persian Herize rug size 9ft 3inches by 12ft circa 1930s,https://baseerorientalrugs.com/hand-kotted-rugs-sale-1/ols/products/decorative-handwoven-authentic-persian-herize-rug-size-10ft-by-12ft-6-circa-1930s,"$9,500.00","$5,900.00",https://img1.wsimg.com/isteam/ip/6297fd88-bda9-4967-b377-b62716f47e9a/ols/20210316_164000-e8451d4.jpg,26
378,"beautiful birds hand knotted afghan runner size 2ft 7"" by 8ft 4"" new",https://baseerorientalrugs.com/hand-kotted-rugs-sale-1/ols/products/beautiful-birds-hand-knotted-afghan-runner-size-2ft-7-by-8ft-4-new,"$1,290.00",$945.00,https://img1.wsimg.com/isteam/ip/6297fd88-bda9-4967-b377-b62716f47e9a/ols/IMG_20221119_194320_890.jpg,26
379,beautiful decorative handwoven art deco Chinese rug size 3ft by 3ft,https://baseerorientalrugs.com/hand-kotted-rugs-sale-1/ols/products/beautiful-decorative-handwoven-art-deco-chinese-rug-size-3ft-by-3ft,$970.00,$291.00,https://img1.wsimg.com/isteam/ip/6297fd88-bda9-4967-b377-b62716f47e9a/ols/IMG_20221128_114711_578.jpg,26
380,beautiful rare design antique handwoven authentic Persian sarouk rug size 7ft by 10ft circa 1930s,https://baseerorientalrugs.com/hand-kotted-rugs-sale-1/ols/products/beautiful-rare-design-antique-handwoven-authentic-persian-sarouk-rug-size-7ft-by-10ft-circa-1930s,"$4,500.00","$2,250.00",https://img1.wsimg.com/isteam/ip/6297fd88-bda9-4967-b377-b62716f47e9a/ols/20221126_112003.jpg,26
381,"(SOLD) decorative beautiful handwoven authentic Persian saruke rug from 1920s size 4ft 1"" by 6ft 4""",https://baseerorientalrugs.com/hand-kotted-rugs-sale-1/ols/products/decorative-beautiful-handwoven-authentic-persian-saruke-rug-from-1920s-size-4ft-1-by-6ft-4,"$3,800.00","$2,500.00",https://img1.wsimg.com/isteam/ip/6297fd88-bda9-4967-b377-b62716f47e9a/ols/20221202_134621.jpg,26
382,"beautiful handwoven authentic antique Persian sarouk size 2ft 2""by 4ft 3"" circa",https://baseerorientalrugs.com/hand-kotted-rugs-sale-1/ols/products/beautiful-handwoven-authentic-antique-persian-sarouk-size-2ft-2by-4ft-3-circa,"$1,500.00",$750.00,https://img1.wsimg.com/isteam/ip/6297fd88-bda9-4967-b377-b62716f47e9a/ols/20221202_144625.jpg,26
383,"antique handwoven authentic Persian sarouk size 3ft 8"" by 4ft 8"" circa 1920s",https://baseerorientalrugs.com/hand-kotted-rugs-sale-1/ols/products/antique-handwoven-authentic-persian-sarouk-size-3ft-8-by-4ft-8-circa-1920s,"$2,500.00","$1,450.00",https://img1.wsimg.com/isteam/ip/6297fd88-bda9-4967-b377-b62716f47e9a/ols/20221206_152805.jpg,26
384,"Soft colored antique hand knotted authentic Persian Tabriz wool rug size 9'4""x12'4"" circa 1930s",https://baseerorientalrugs.com/hand-kotted-rugs-sale-1/ols/products/soft-colored-antique-hand-knotted-authentic-persian-tabriz-wool-rug-size-94x124-circa-1930s,"$7,500.00","$2,250.00",https://img1.wsimg.com/isteam/ip/6297fd88-bda9-4967-b377-b62716f47e9a/ols/20221105_153753.jpg,26
385,Decorative handwoven 100% wool Persian rug with Bakhtiary design rug size 10ft x12ft,https://baseerorientalrugs.com/hand-kotted-rugs-sale-1/ols/products/decorative-handwoven-100-wool-persian-rug-with-bakhtiary-design-rug-size-10ft-x12ft,"$7,900.00","$2,370.00",https://img1.wsimg.com/isteam/ip/6297fd88-bda9-4967-b377-b62716f47e9a/ols/20221103_160515.jpg,26
386,Antique hand knotted very fine woven Indian rug rare design size 12ft by 17ft circa 1850s,https://baseerorientalrugs.com/hand-kotted-rugs-sale-1/ols/products/antique-hand-knotted-very-fine-woven-indian-rug-rare-design-size-12ft-by-17ft-circa-1850s,"$35,000.00","$12,000.00",https://img1.wsimg.com/isteam/ip/6297fd88-bda9-4967-b377-b62716f47e9a/ols/20221103_151515.jpg,26
387,Decorative handwoven antique Chinese rug 100% pure soft wool rug size 2ft by 4ft,https://baseerorientalrugs.com/hand-kotted-rugs-sale-1/ols/products/decorative-handwoven-antique-chinese-rug-100-pure-soft-wool-rug-size-2ft-by-4ft,"$1,400.00",$420.00,https://img1.wsimg.com/isteam/ip/6297fd88-bda9-4967-b377-b62716f47e9a/ols/20221028_153149-e542028.jpg,26
388,"Antique hand knotted light colors authentic Persian Tabriz design size 9'6""x12'",https://baseerorientalrugs.com/hand-kotted-rugs-sale-1/ols/products/antique-hand-knotted-light-colors-authentic-persian-tabrize-design-size-94x124,"$8,500.00","$2,550.00",https://img1.wsimg.com/isteam/ip/6297fd88-bda9-4967-b377-b62716f47e9a/ols/20221105_160057.jpg,26
389,Decorative hand knotted Gabeh design 100% pure soft wool rug size 4ft by 5ft,https://baseerorientalrugs.com/hand-kotted-rugs-sale-1/ols/products/decorative-hand-knotted-gabeh-design-100-pure-soft-wool-rug-size-4ft-by-5ft,"$1,250.00",$375.00,https://img1.wsimg.com/isteam/ip/6297fd88-bda9-4967-b377-b62716f47e9a/ols/20221105_161411.jpg,26
390,Vintage antique hand knotted authentic Persian Mashad rug size 12x17ft circa 1900s,https://baseerorientalrugs.com/hand-kotted-rugs-sale-1/ols/products/vintage-antique-hand-knotted-authentic-persian-mashad-rug-size-12x17ft-circa-1900s,"$16,900.00","$7,900.00",https://img1.wsimg.com/isteam/ip/6297fd88-bda9-4967-b377-b62716f47e9a/ols/20221028_132615.jpg,27
391,#3 Beautiful handwoven round size 8x8 birds rug new,https://baseerorientalrugs.com/hand-kotted-rugs-sale-1/ols/products/3-beautiful-handwoven-round-size-8x8-birds-rug-new,"$4,500.00","$2,300.00",https://img1.wsimg.com/isteam/ip/6297fd88-bda9-4967-b377-b62716f47e9a/ols/20221025_140201.jpg,27
392,(SOLD) #2 Beautiful handwoven decorative birds rug size 5x7ft,https://baseerorientalrugs.com/hand-kotted-rugs-sale-1/ols/products/2-beautiful-handwoven-decorative-birds-rug-size-5x7ft,"$2,500.00","$1,250.00",https://img1.wsimg.com/isteam/ip/6297fd88-bda9-4967-b377-b62716f47e9a/ols/20221025_125159.jpg,27
393,beautiful antique traditional Persian mahal Sultanabad size 5x9ft circa 1900s,https://baseerorientalrugs.com/hand-kotted-rugs-sale-1/ols/products/beautiful-antique-traditional-persian-mahal-sultanabad-size-5x9ft-circa-1900s,"$9,000.00","$6,500.00",https://img1.wsimg.com/isteam/ip/6297fd88-bda9-4967-b377-b62716f47e9a/ols/20221025_115449.jpg,27
394,decorative handwoven authentic Persian Serapies size 5x10ft circa 1880s one of its kind,https://baseerorientalrugs.com/hand-kotted-rugs-sale-1/ols/products/decorative-handwoven-authentic-persian-serapies-size-5x10ft-circa-1880s-one-of-its-kind,"$11,000.00","$7,500.00",https://img1.wsimg.com/isteam/ip/6297fd88-bda9-4967-b377-b62716f47e9a/ols/20221025_114835.jpg,27
395,"(SOLD) antique handwoven authentic Caucasian 100% wool rug size 3'5""×5ft circa 1880s",https://baseerorientalrugs.com/hand-kotted-rugs-sale-1/ols/products/xn-antique-handwoven-authentic-caucasian-100-wool-rug-size-355ft-circa-1880s-wuf,"$5,500.00","$3,500.00",https://img1.wsimg.com/isteam/ip/6297fd88-bda9-4967-b377-b62716f47e9a/ols/20221025_114449.jpg,27
396,(SOLD) antique hand knotted authentic Persian saruke design size 10ft by 14ft 5inches circa 1920s,https://baseerorientalrugs.com/hand-kotted-rugs-sale-1/ols/products/antique-hand-knotted-authentic-persian-saruke-design-size-10ft-by-14ft-5inches-circa-1920s,"$12,500.00","$7,500.00",https://img1.wsimg.com/isteam/ip/6297fd88-bda9-4967-b377-b62716f47e9a/ols/20221022_120211.jpg,27
397,"Decorative handwoven geometric design authentic Persian Herize rug size 9ft 10""by12ft 6"" circa 1930s",https://baseerorientalrugs.com/hand-kotted-rugs-sale-1/ols/products/decorative-handwoven-geometric-design-authentic-persian-herize-rug-size-9ft-by11ft,"$12,500.00","$9,900.00",https://img1.wsimg.com/isteam/ip/6297fd88-bda9-4967-b377-b62716f47e9a/ols/20221013_120322.jpg,27
398,(Sold) Vintage handwoven Persian herize rug size 9ft by 12ft circa 1950s 100% wool,https://baseerorientalrugs.com/hand-kotted-rugs-sale-1/ols/products/vintage-handwoven-persian-herize-rug-size-9ft-by-12ft-circa-1950s-100-wool,"$6,500.00","$1,900.00",https://img1.wsimg.com/isteam/ip/6297fd88-bda9-4967-b377-b62716f47e9a/ols/20220222_125906.jpg,27
399,"Decorative handwoven authentic antique Persian Herize design 100% pure wool rug size 9'9""x13'",https://baseerorientalrugs.com/hand-kotted-rugs-sale-1/ols/products/decorative-handwoven-authentic-antique-persian-herize-design-100-pure-wool-rug-size-10ft-x-12ft8,"$10,500.00","$7,900.00",https://img1.wsimg.com/isteam/ip/6297fd88-bda9-4967-b377-b62716f47e9a/ols/20220215_160107.jpg,27
400,Decorative handwoven geometric Herize rug size 10ftx14ft 100% pure wool new,https://baseerorientalrugs.com/hand-kotted-rugs-sale-1/ols/products/decorative-handwoven-geometric-herize-rug-size-10ftx14ft-100-pure-wool-new,"$6,500.00","$4,500.00",https://img1.wsimg.com/isteam/ip/6297fd88-bda9-4967-b377-b62716f47e9a/ols/20220215_151219.jpg,27
401,"Decorative handwoven authentic Persian Herize design 100% pure soft wool rug size 10ft x 12ft8""",https://baseerorientalrugs.com/hand-kotted-rugs-sale-1/ols/products/decorative-handwoven-authentic-persian-herize-design-100-pure-soft-wool-rug-size-10ft-x-12ft8,"$12,500.00","$8,900.00",https://img1.wsimg.com/isteam/ip/6297fd88-bda9-4967-b377-b62716f47e9a/ols/20220215_144457.jpg,27
402,Beautiful handwoven 100% pure wool colorful Tabriz design authentic Persian rug size 9'x12' circa 1930s,https://baseerorientalrugs.com/hand-kotted-rugs-sale-1/ols/products/beautiful-handwoven-100-pure-wool-colorful-tabriz-design-authentic-persian-rug-size-9x12-circa-1930s,"$8,500.00","$5,750.00",https://img1.wsimg.com/isteam/ip/6297fd88-bda9-4967-b377-b62716f47e9a/ols/20220923_143728.jpg,27
403,"Decorative handwoven antique needlepoint with European style 100% pure wool rug size 9'6""x14'",https://baseerorientalrugs.com/hand-kotted-rugs-sale-1/ols/products/decorative-handwoven-antique-needlepoint-with-european-style-100-pure-wool-rug-size-96x14,"$7,800.00","$4,500.00",https://img1.wsimg.com/isteam/ip/6297fd88-bda9-4967-b377-b62716f47e9a/ols/20220923_144511.jpg,27
404,Very large beautiful handwoven antique Persian Kermanshah design rug size 14ft x 24' circa 1900s,https://baseerorientalrugs.com/hand-kotted-rugs-sale-1/ols/products/very-large-beautiful-handwoven-antique-persian-kermanshah-design-rug-size-14ft-x-24-circa-1900s,"$45,000.00","$35,000.00",https://img1.wsimg.com/isteam/ip/6297fd88-bda9-4967-b377-b62716f47e9a/ols/20220923_153416.jpg,27
405,(SOLD) Very large handwoven antique handwoven authentic Persian Tabriz circa 1900s size 12ftx20ft soft colors,https://baseerorientalrugs.com/hand-kotted-rugs-sale-1/ols/products/very-large-handwoven-antique-handwoven-authentic-persian-tabriz-circa-1900s-size-12ftx20ft-soft-colors,"$35,000.00","$17,500.00",https://img1.wsimg.com/isteam/ip/6297fd88-bda9-4967-b377-b62716f47e9a/ols/20220923_164519.jpg,28
406,"(SOLD) Antique handwoven authentic Faraghan design Persian rug made of 100% pure wool size 10ft 5""x24ft circa 1900s",https://baseerorientalrugs.com/hand-kotted-rugs-sale-1/ols/products/antique-handwoven-authentic-faraghan-design-persian-rug-made-of-100-pure-wool-size-10ft-4x24ft-circa-1900s,"$24,500.00","$17,000.00",https://img1.wsimg.com/isteam/ip/6297fd88-bda9-4967-b377-b62716f47e9a/ols/20220924_112727.jpg,28
407,"Decorative handwoven antique look Kazakh design 100% pure soft wool Afghan rug size 7' 6""x10'",https://baseerorientalrugs.com/hand-kotted-rugs-sale-1/ols/products/decorative-handwoven-antique-look-kazakh-design-100-pure-soft-wool-afghan-rug-size-7-6x10,"$3,780.00","$2,450.00",https://img1.wsimg.com/isteam/ip/6297fd88-bda9-4967-b377-b62716f47e9a/ols/20220924_140122.jpg,28
408,"Antique handwoven authentic Persian sarouk faraghan circa 1920s size 12ft 4""×24ft",https://baseerorientalrugs.com/hand-kotted-rugs-sale-1/ols/products/xn-antique-handwoven-authentic-persian-sarouk-faraghan-circa-1920s-size-12ft-424ft-94f,"$25,900.00","$17,500.00",https://img1.wsimg.com/isteam/ip/6297fd88-bda9-4967-b377-b62716f47e9a/ols/20220924_143315.jpg,28
409,Very soft colored antique hand knotted authentic Turkish Sivas rug size 13ft by 16ft 6inches circa 1900,https://baseerorientalrugs.com/hand-kotted-rugs-sale-1/ols/products/very-soft-colored-antique-hand-knotted-authentic-turkish-sivas-rug-size-13ft-by-16ft-6inches-circa-1900,"$18,000.00","$9,000.00",https://img1.wsimg.com/isteam/ip/6297fd88-bda9-4967-b377-b62716f47e9a/ols/20220927_105818.jpg,28
410,Beautiful handwoven 100% pure wool pile colorful Tabriz design authentic Persian rug size 12ft by 18ft circa 1950s,https://baseerorientalrugs.com/hand-kotted-rugs-sale-1/ols/products/beautiful-handwoven-100-pure-wool-pile-colorful-tabriz-design-authentic-persian-rug-size-12ft-by-18ft-circa-1950s,"$12,500.00","$7,500.00",https://img1.wsimg.com/isteam/ip/6297fd88-bda9-4967-b377-b62716f47e9a/ols/20220927_131907.jpg,28
411,Decorative handwoven 100% pure wool fine rug with beautiful details size 10ft by 11' vintage,https://baseerorientalrugs.com/hand-kotted-rugs-sale-1/ols/products/decorative-handwoven-100-pure-wool-fine-rug-with-beautiful-details-size-10ft-by-11-vintage,"$7,500.00","$3,850.00",https://img1.wsimg.com/isteam/ip/6297fd88-bda9-4967-b377-b62716f47e9a/ols/20220928_105700.jpg,28
412,"Beautiful handwoven very fine 100% pure wool pile antique Persian kermanshah rug size 9'5""x17'2"" circa 1900s",https://baseerorientalrugs.com/hand-kotted-rugs-sale-1/ols/products/beautiful-handwoven-very-fine-100-pure-wool-pile-antique-persian-kermanshah-rug-size-95x172-circa-1900s,"$18,000.00","$12,500.00",https://img1.wsimg.com/isteam/ip/6297fd88-bda9-4967-b377-b62716f47e9a/ols/20220928_154001.jpg,28
413,Antique handwoven authentic Afghan Turkman design rug made of 100% pure wool size 8ft by 12ft circa 1900s,https://baseerorientalrugs.com/hand-kotted-rugs-sale-1/ols/products/antique-handwoven-authentic-afghan-turkman-design-rug-made-of-100-pure-wool-size-8ft-by-12ft-circa-1900s,"$7,900.00","$4,900.00",https://img1.wsimg.com/isteam/ip/6297fd88-bda9-4967-b377-b62716f47e9a/ols/20220929_144909.jpg,28
414,"Beautiful handwoven 100% pure wool pile colorful Tabriz design authentic Persian rug size 9'5""x12'8""",https://baseerorientalrugs.com/hand-kotted-rugs-sale-1/ols/products/beautiful-handwoven-100-pure-wool-pile-colorful-tabriz-design-authentic-persian-rug-size-95x128,"$8,500.00","$5,900.00",https://img1.wsimg.com/isteam/ip/6297fd88-bda9-4967-b377-b62716f47e9a/ols/20220929_161538.jpg,28
415,sold,https://baseerorientalrugs.com/hand-kotted-rugs-sale-1/ols/products/decorative-handwoven-authentic-persian-herize-rug-size-78x8-circa-1930s-vintage,"$6,500.00","$3,500.00",https://img1.wsimg.com/isteam/ip/6297fd88-bda9-4967-b377-b62716f47e9a/ols/20220930_154608.jpg,28
416,Beautiful handwoven 100% pure wool pile colorful tribal design persian rug size 5'x10' circa 1950s,https://baseerorientalrugs.com/hand-kotted-rugs-sale-1/ols/products/beautiful-handwoven-100-pure-wool-pile-colorful-tribal-design-persian-rug-size-5x10,"$3,500.00","$1,050.00",https://img1.wsimg.com/isteam/ip/6297fd88-bda9-4967-b377-b62716f47e9a/ols/20220202_144929.jpg,28
417,"Fine handwoven 100% pure wool pile authentic Persian bidjar design rug size 6'8""x9'8"" circa 1950s",https://baseerorientalrugs.com/hand-kotted-rugs-sale-1/ols/products/fine-handwoven-100-pure-wool-pile-authentic-persian-bidjar-design-rug-size-68x98-circa-1950s,"$4,500.00","$1,350.00",https://img1.wsimg.com/isteam/ip/6297fd88-bda9-4967-b377-b62716f47e9a/ols/20220331_145027.jpg,28
418,Decorative hand knotted modern design 100% pure soft wool and bamboo silk rug size 9'x12'ft,https://baseerorientalrugs.com/hand-kotted-rugs-sale-1/ols/products/decorative-hand-knotted-modern-design-100-pure-soft-wool-and-bamboo-silk-rug-size-9x12ft,"$7,560.00","$2,268.00",https://img1.wsimg.com/isteam/ip/6297fd88-bda9-4967-b377-b62716f47e9a/ols/20220906_105042.jpg,28
419,"Decorative handwoven art deco design 100% pure wool pile and cotton foundation size 9'11""x13'10""",https://baseerorientalrugs.com/hand-kotted-rugs-sale-1/ols/products/decorative-handwoven-art-deco-design-100-pure-wool-pile-and-cotton-foundation-size-911x1310,"$13,300.00","$3,990.00",https://img1.wsimg.com/isteam/ip/6297fd88-bda9-4967-b377-b62716f47e9a/ols/20220906_111536.jpg,28
420,"Decorative handwoven 100% pure soft wool with modern design rug size 10'3""x13'9""",https://baseerorientalrugs.com/hand-kotted-rugs-sale-1/ols/products/decorative-handwoven-100-pure-soft-wool-with-modern-design-rug-size-103x139,"$9,800.00","$2,940.00",https://img1.wsimg.com/isteam/ip/6297fd88-bda9-4967-b377-b62716f47e9a/ols/20220906_112554.jpg,29
421,(SOLD) Decorative handwoven modern design 100% pure soft wool and bamboo silk rug size 9'x12'ft,https://baseerorientalrugs.com/hand-kotted-rugs-sale-1/ols/products/decorative-handwoven-modern-design-100-pure-soft-wool-and-bamboo-silk-rug-size-9x12ft,"$7,560.00","$3,800.00",https://img1.wsimg.com/isteam/ip/6297fd88-bda9-4967-b377-b62716f47e9a/ols/20220906_113329.jpg,29
422,(SOLD) Decorative handwoven modern design 100% pure soft wool and bamboo silk rug size 6'x9'ft,https://baseerorientalrugs.com/hand-kotted-rugs-sale-1/ols/products/decorative-handwoven-modern-design-100-pure-soft-wool-and-bamboo-silk-rug-size-6x9ft,"$3,780.00","$1,800.00",https://img1.wsimg.com/isteam/ip/6297fd88-bda9-4967-b377-b62716f47e9a/ols/20220906_114146.jpg,29
423,Decorative handwoven modern design 100% pure soft wool and bamboo silk rug size 5'x8',https://baseerorientalrugs.com/hand-kotted-rugs-sale-1/ols/products/decorative-handwoven-modern-design-100-pure-soft-wool-and-bamboo-silk-rug-size-5x8,"$2,800.00","$1,490.00",https://img1.wsimg.com/isteam/ip/6297fd88-bda9-4967-b377-b62716f47e9a/ols/20220906_114632.jpg,29
424,Decorative handwoven modern design 100% pure soft wool and bamboo silk rug size 6'x9',https://baseerorientalrugs.com/hand-kotted-rugs-sale-1/ols/products/decorative-handwoven-modern-design-100-pure-soft-wool-and-bamboo-silk-rug-size-6x9,"$3,780.00","$1,600.00",https://img1.wsimg.com/isteam/ip/6297fd88-bda9-4967-b377-b62716f47e9a/ols/20220906_114949.jpg,29
425,"Decorative handwoven 100% pure wool modern design runner size 2'9""x14'",https://baseerorientalrugs.com/hand-kotted-rugs-sale-1/ols/products/decorative-handwoven-100-pure-wool-modern-design-runner-size-29x14,"$2,290.00",$687.00,https://img1.wsimg.com/isteam/ip/6297fd88-bda9-4967-b377-b62716f47e9a/ols/20220906_121410.jpg,29
426,Decorative handwoven modern design 100% pure soft wool rug size 8x10ft,https://baseerorientalrugs.com/hand-kotted-rugs-sale-1/ols/products/decorative-handwoven-modern-design-100-pure-soft-wool-rug-size-8x10ft,"$4,500.00","$1,350.00",https://img1.wsimg.com/isteam/ip/6297fd88-bda9-4967-b377-b62716f47e9a/ols/20220906_121756.jpg,29
427,80% off on this rug vintage handwoven authentic Persian bakhtiary design rug size 12'x13' circa 1950s need repair sold as its,https://baseerorientalrugs.com/hand-kotted-rugs-sale-1/ols/products/vintage-handwoven-authentic-persian-bakhtiary-design-rug-size-12x13-circa-1950s-need-repair-sold-as-its,"$7,900.00","$1,580.00",https://img1.wsimg.com/isteam/ip/6297fd88-bda9-4967-b377-b62716f47e9a/ols/20220819_122934.jpg,29
428,"decorative handwoven Vintage Persian zirkhaki design size 9'7""×12'2""",https://baseerorientalrugs.com/hand-kotted-rugs-sale-1/ols/products/xn-decorative-handwoven-vintage-persian-zirkhaki-design-size-97122-24e,"$6,500.00","$2,900.00",https://img1.wsimg.com/isteam/ip/6297fd88-bda9-4967-b377-b62716f47e9a/ols/20220820_113958-0001.jpg,29
429,Decorative handwoven Indian agra 100% pure wool size 9'x12',https://baseerorientalrugs.com/hand-kotted-rugs-sale-1/ols/products/decorative-handwoven-indian-agra-100-pure-wool-size-912,"$6,500.00","$3,800.00",https://img1.wsimg.com/isteam/ip/6297fd88-bda9-4967-b377-b62716f47e9a/ols/20220816_131005.jpg,29
430,Decorative handwoven antique look Sultanabad design with somakh weave size 12'x18' vintage,https://baseerorientalrugs.com/hand-kotted-rugs-sale-1/ols/products/decorative-handwoven-antique-look-sultanabad-design-with-somakh-weave-size-12x18-vintage,"$12,800.00","$9,500.00",https://img1.wsimg.com/isteam/ip/6297fd88-bda9-4967-b377-b62716f47e9a/ols/20220818_105924.jpg,29
431,"(SOLD) Antique handwoven authentic Caucasian kazakh design circa 1880s size 3'10""×8'2""0",https://baseerorientalrugs.com/hand-kotted-rugs-sale-1/ols/products/xn-antique-handwoven-authentic-caucasian-kazakh-design-circa-1880s-size-310820-8zf,"$6,500.00","$3,500.00",https://img1.wsimg.com/isteam/ip/6297fd88-bda9-4967-b377-b62716f47e9a/ols/20220817_160339.jpg,29
432,Decorative 100% pure wool handwoven oushak design size 4'x6' new,https://baseerorientalrugs.com/hand-kotted-rugs-sale-1/ols/products/decorative-100-pure-wool-handwoven-oushak-design-size-4x6-new,"$1,560.00",$840.00,https://img1.wsimg.com/isteam/ip/6297fd88-bda9-4967-b377-b62716f47e9a/ols/20220816_132016-0001.jpg,29
433,Decorative handwoven Transitional oushak design size 4'x6' 100% pure wool pile rug,https://baseerorientalrugs.com/hand-kotted-rugs-sale-1/ols/products/decorative-handwoven-transitional-oushak-design-size-4x6-100-pure-wool-pile-rug,"$1,560.00",$840.00,https://img1.wsimg.com/isteam/ip/6297fd88-bda9-4967-b377-b62716f47e9a/ols/20220816_132101.jpg,29
434,Decorative handwoven 100% wool pile oushak design size 4'x6' new,https://baseerorientalrugs.com/hand-kotted-rugs-sale-1/ols/products/decorative-handwoven-100-wool-pile-oushak-design-size-4x6-new,"$1,560.00",$840.00,https://img1.wsimg.com/isteam/ip/6297fd88-bda9-4967-b377-b62716f47e9a/ols/20220816_132323.jpg,29
435,"Decorative Handwoven modern design bamboo silk and wool rug size 10'x14'4""",https://baseerorientalrugs.com/hand-kotted-rugs-sale-1/ols/products/decorative-handwoven-modern-design-bamboo-silk-and-wool-rug-size-10x144,"$9,360.00","$5,040.00",https://img1.wsimg.com/isteam/ip/6297fd88-bda9-4967-b377-b62716f47e9a/ols/20220816_141902.jpg,30
436,Decorative handwoven pomegranate design 100% pure wool rug size 9x12 new,https://baseerorientalrugs.com/hand-kotted-rugs-sale-1/ols/products/decorative-handwoven-pomegranate-design-100-pure-wool-rug-size-9x12-new,"$7,020.00","$3,780.00",https://img1.wsimg.com/isteam/ip/6297fd88-bda9-4967-b377-b62716f47e9a/ols/20220816_143118.jpg,30
437,Decorative handwoven Transitional oushak design size 9x12ft soft colors 100% pure wool,https://baseerorientalrugs.com/hand-kotted-rugs-sale-1/ols/products/decorative-handwoven-transitional-oushak-design-size-9x12ft-soft-colors-100-pure-wool,"$7,500.00","$4,320.00",https://img1.wsimg.com/isteam/ip/6297fd88-bda9-4967-b377-b62716f47e9a/ols/20220817_122020.jpg,30
438,"(SOLD) Decorative hand knotted 100% silk & wool pile and cotton foundation modern design size9'x12'1""",https://baseerorientalrugs.com/hand-kotted-rugs-sale-1/ols/products/decorative-hand-knotted-100-silk-wool-pile-and-cotton-foundation-modern-design-size9x121,"$7,020.00","$3,780.00",https://img1.wsimg.com/isteam/ip/6297fd88-bda9-4967-b377-b62716f47e9a/ols/20220816_143819.jpg,30
439,(sold) Decorative handwoven Indian agra design size 8x10ft 100% wool pile,https://baseerorientalrugs.com/hand-kotted-rugs-sale-1/ols/products/decorative-handwoven-indian-agra-design-size-8x10ft-100-wool-pile,"$4,500.00","$2,800.00",https://img1.wsimg.com/isteam/ip/6297fd88-bda9-4967-b377-b62716f47e9a/ols/IMG_20220728_110828_551.jpg,30
440,Decorative handwoven 100% wool allover Oushak design rug size 10'x14' vintage,https://baseerorientalrugs.com/hand-kotted-rugs-sale-1/ols/products/decorative-handwoven-100-wool-allover-design-rug-size-10x14-vintage,"$12,500.00","$6,500.00",https://img1.wsimg.com/isteam/ip/6297fd88-bda9-4967-b377-b62716f47e9a/ols/IMG_20220728_111407_701.jpg,30
441,Decorative handwoven Indian agra design 100% wool rug size 12'x15' vintage,https://baseerorientalrugs.com/hand-kotted-rugs-sale-1/ols/products/decorative-handwoven-indian-agra-design-100-wool-rug-size-12x15-vintage,"$10,900.00","$5,900.00",https://img1.wsimg.com/isteam/ip/6297fd88-bda9-4967-b377-b62716f47e9a/ols/20220809_125425.jpg,30
442,"Beautiful antique handwoven authentic Persian Tabriz size 9'5""×13' circa 1920s",https://baseerorientalrugs.com/hand-kotted-rugs-sale-1/ols/products/xn-beautiful-antique-handwoven-authentic-persian-tabriz-size-9513-circa-1920s-fxf,"$8,900.00","$5,900.00",https://img1.wsimg.com/isteam/ip/6297fd88-bda9-4967-b377-b62716f47e9a/ols/20220812_123433.jpg,30
443,"Decorative handwoven antique art deco Chinese rug size 4'x6'5"" circa 1930s",https://baseerorientalrugs.com/hand-kotted-rugs-sale-1/ols/products/decorative-handwoven-antique-art-deco-chinese-rug-size-4x65-circa-1930s,"$1,800.00",$990.00,https://img1.wsimg.com/isteam/ip/6297fd88-bda9-4967-b377-b62716f47e9a/ols/20220812_131946.jpg,30
444,"Antique handwoven authentic Persian sarouk circa 1920s size 3'5""×4'9""",https://baseerorientalrugs.com/hand-kotted-rugs-sale-1/ols/products/xn-antique-handwoven-authentic-persian-sarouk-circa-1920s-size-3549-m7e,"$1,900.00",$950.00,https://img1.wsimg.com/isteam/ip/6297fd88-bda9-4967-b377-b62716f47e9a/ols/20220813_114146.jpg,30
445,"Antique handwoven authentic Persian sarouk faraghan size 3'4""×4'9"" circa 1900s",https://baseerorientalrugs.com/hand-kotted-rugs-sale-1/ols/products/xn-antique-handwoven-authentic-persian-sarouk-faraghan-size-3449-circa-1900s-exf,"$2,900.00","$1,950.00",https://img1.wsimg.com/isteam/ip/6297fd88-bda9-4967-b377-b62716f47e9a/ols/20220813_114844.jpg,30
446,Decorative 100% beautiful handwoven silk & wool transitional design rug size 8x10ft. (BIG SAVING on this rug),https://baseerorientalrugs.com/hand-kotted-rugs-sale-1/ols/products/decorative-beautiful-handwoven-silk-wool-transitional-design-rug-size-8x10ft,"$5,500.00","$3,200.00",https://img1.wsimg.com/isteam/ip/6297fd88-bda9-4967-b377-b62716f47e9a/ols/20220517_150529.jpg,30
447,"Antique handwoven authentic Persian saruke rug size 10'×13'7"" circa 1920s",https://baseerorientalrugs.com/hand-kotted-rugs-sale-1/ols/products/xn-antique-handwoven-authentic-persian-saruke-rug-size-10137-circa-1920s-skf,"$10,500.00","$6,900.00",https://img1.wsimg.com/isteam/ip/6297fd88-bda9-4967-b377-b62716f47e9a/blob-0010.png,30
448,Decorative beautiful handwoven Morracan design 100% pure wool rug size 6x9ft,https://baseerorientalrugs.com/hand-kotted-rugs-sale-1/ols/products/decorative-beautiful-handwoven-morracan-design-wool-rug-size-6x9ft,"$2,900.00","$1,200.00",https://img1.wsimg.com/isteam/ip/6297fd88-bda9-4967-b377-b62716f47e9a/ols/20220517_124347.jpg,30
449,"Decorative beautiful handwoven bamboo silk pile soft colors rug size 5x8'5"" vintage",https://baseerorientalrugs.com/hand-kotted-rugs-sale-1/ols/products/decorative-beautiful-handwoven-bamboo-silk-pile-soft-colors-rug-size-5x85-vintage,"$2,800.00","$1,800.00",https://img1.wsimg.com/isteam/ip/6297fd88-bda9-4967-b377-b62716f47e9a/ols/20220517_130149.jpg,30
450,Beautiful 100% Handwoven Decorative 100% silk pile Indian Agra Size 8'x10' Vintage (BIG SAVING on this rug),https://baseerorientalrugs.com/hand-kotted-rugs-sale-1/ols/products/beautiful-handwoven-decorative-100-silk-pile-indian-agra-size-8x10-vintage,"$7,500.00","$2,500.00",https://img1.wsimg.com/isteam/ip/6297fd88-bda9-4967-b377-b62716f47e9a/ols/20220521_102342.jpg,31
451,"Beautiful long handwoven kashmir silk runner size 2'7""×14' vintage",https://baseerorientalrugs.com/hand-kotted-rugs-sale-1/ols/products/xn-beautiful-long-handwoven-kashmir-silk-runner-size-2714-vintage-d2e,"$2,800.00",$840.00,https://img1.wsimg.com/isteam/ip/6297fd88-bda9-4967-b377-b62716f47e9a/ols/20220514_141349.jpg,31
452,"Beautiful Hand knotted fine quality Persian rug Size 4'7""×7'2"" made of 100% pure wool and cotton foundation",https://baseerorientalrugs.com/hand-kotted-rugs-sale-1/ols/products/xn-beautiful-handwoven-fine-quality-persian-rug-size-4772-hie,"$2,500.00",$750.00,https://img1.wsimg.com/isteam/ip/6297fd88-bda9-4967-b377-b62716f47e9a/ols/20220514_104024.jpg,31
453,Decorative beautiful hand knotted bamboo silk modern design rug size 6'x9',https://baseerorientalrugs.com/hand-kotted-rugs-sale-1/ols/products/decorative-beautiful-handwoven-modern-design-rug-size-6x9,"$2,750.00","$1,500.00",https://img1.wsimg.com/isteam/ip/6297fd88-bda9-4967-b377-b62716f47e9a/ols/20220510_135543-0001.jpg,31
454,"Antique Hand knotted soft colors afghan turkman rug Design Size 6'×7'10"" circa 1930s",https://baseerorientalrugs.com/hand-kotted-rugs-sale-1/ols/products/xn-antique-handwoven-soft-colors-afghan-turkman-rug-design-size-4772-49e,"$2,590.00",$777.00,https://img1.wsimg.com/isteam/ip/6297fd88-bda9-4967-b377-b62716f47e9a/ols/20220510_133643.jpg,31
455,"Antique handwoven authentic fine Persian Tabriz 100% silk & wool rug circa 1930s size 6'6""×10' (BIG SAVING on this rug)",https://baseerorientalrugs.com/hand-kotted-rugs-sale-1/ols/products/xn-antique-handwoven-authentic-fine-persian-tabriz-100-silk-wool-rug-circa-1930s-size-6610-h5g,"$7,500.00","$3,500.00",https://img1.wsimg.com/isteam/ip/6297fd88-bda9-4967-b377-b62716f47e9a/ols/IMG_20210427_030611_956-0001.jpg,31
456,"Decorative beautiful handwoven Afghan kazakh 💯 % wool rug size 6'6""×10'",https://baseerorientalrugs.com/hand-kotted-rugs-sale-1/ols/products/xn-decorative-beautiful-handwoven-afghan-kazakh-wool-rug-size-6610-59e252691g,"$3,500.00","$1,050.00",https://img1.wsimg.com/isteam/ip/6297fd88-bda9-4967-b377-b62716f47e9a/ols/20220506_140621.jpg,31
457,"S/ Antique handwoven authentic Persian Tabriz size 8'x11'5"" circa 1930s 100% pure wool pile and cotton foundation. (reduced price)",https://baseerorientalrugs.com/hand-kotted-rugs-sale-1/ols/products/antique-handwoven-authentic-persian-tabriz-size-8x115-circa-1930s,"$6,500.00","$2,900.00",https://img1.wsimg.com/isteam/ip/6297fd88-bda9-4967-b377-b62716f47e9a/ols/20220506_142211.jpg,31
458,Decorative handwoven Vintage large Indian agra design size 12'x18'ft,https://baseerorientalrugs.com/hand-kotted-rugs-sale-1/ols/products/decorative-handwoven-vintage-large-indian-agra-design-size-12x18ft,"$8,500.00","$2,550.00",https://img1.wsimg.com/isteam/ip/6297fd88-bda9-4967-b377-b62716f47e9a/blob-0008.png,31
459,"Antique handwoven Savonnery design rug circa 1920s size 9'9""×13'ft",https://baseerorientalrugs.com/hand-kotted-rugs-sale-1/ols/products/xn-antique-handwoven-savonnery-design-rug-circa-1920s-size-9913ft-j2e,"$9,900.00","$5,990.00",https://img1.wsimg.com/isteam/ip/6297fd88-bda9-4967-b377-b62716f47e9a/ols/20220506_115152.jpg,31
460,"Antique handwoven Persian Isfahan rug size 5'x7'6"" circa 1920s 100% pure wool pile",https://baseerorientalrugs.com/hand-kotted-rugs-sale-1/ols/products/antique-handwoven-persian-isfahan-rug-size-5x76-circa-1920s-100-pure-wool-pile,"$4,500.00","$2,900.00",https://img1.wsimg.com/isteam/ip/6297fd88-bda9-4967-b377-b62716f47e9a/ols/20210413_135029.jpg,31
461,Antique look handwoven Sultanabad design 100% pure wool Persian rug size 9ftx14ft,https://baseerorientalrugs.com/hand-kotted-rugs-sale-1/ols/products/antique-look-handwoven-sultanabad-design-100-pure-wool-persian-rug-size-9ftx14ft,"$9,900.00","$6,900.00",https://img1.wsimg.com/isteam/ip/6297fd88-bda9-4967-b377-b62716f47e9a/ols/IMG_20220116_202453_860.jpg,31
462,"Beautiful handwoven art deco Chinese rug 100% pure wool size 3'3""×7'7"" circa 1950s",https://baseerorientalrugs.com/hand-kotted-rugs-sale-1/ols/products/xn-beautiful-handwoven-art-deco-chinese-rug-100-pure-wool-size-3377-mdf,"$1,500.00",$450.00,https://img1.wsimg.com/isteam/ip/6297fd88-bda9-4967-b377-b62716f47e9a/ols/20220426_124224.jpg,31
463,Decorative beautiful pink herize design rug handwoven in India size 6x9ft,https://baseerorientalrugs.com/hand-kotted-rugs-sale-1/ols/products/decorative-beautiful-pink-herize-design-rug-handwoven-in-india-size-6x9ft,"$2,790.00",$837.00,https://img1.wsimg.com/isteam/ip/6297fd88-bda9-4967-b377-b62716f47e9a/ols/20220426_145751.jpg,31
464,"Decorative beautiful design Karistan wool rug size 8'2""×10' vintage",https://baseerorientalrugs.com/hand-kotted-rugs-sale-1/ols/products/xn-decorative-beautiful-design-karistan-wool-rug-size-8210-vintage-v4e,"$3,500.00","$1,050.00",https://img1.wsimg.com/isteam/ip/6297fd88-bda9-4967-b377-b62716f47e9a/ols/20220426_124818.jpg,31
465,"(sold) Decorative hand knotted bakhtiary design 100% pure wool rug size 11'7""×15' ft",https://baseerorientalrugs.com/hand-kotted-rugs-sale-1/ols/products/xn-decorative-handwoven-100-pure-turkish-wool-rug-size-11715-1pe,"$12,500.00","$7,900.00",https://img1.wsimg.com/isteam/ip/6297fd88-bda9-4967-b377-b62716f47e9a/blob-0011.png,32
466,Decorative hand knotted 100% pure wool Turkish rug size 9'×12',https://baseerorientalrugs.com/hand-kotted-rugs-sale-1/ols/products/xn-decorative-handwoven-100-pure-wool-turkish-rug-size-912-iie,"$6,500.00","$3,500.00",https://img1.wsimg.com/isteam/ip/6297fd88-bda9-4967-b377-b62716f47e9a/ols/20220426_154205.jpg,32
467,Antique handwoven authentic Persian tribal design size 7'x10' 100% pure wool pile and cotton foundation,https://baseerorientalrugs.com/hand-kotted-rugs-sale-1/ols/products/antique-handwoven-authentic-persian-tribal-design-size-7x10-100-pure-wool-pile-and-cotton-foundation,"$4,500.00","$3,500.00",https://img1.wsimg.com/isteam/ip/6297fd88-bda9-4967-b377-b62716f47e9a/ols/20220421_104533.jpg,32
468,"Antique look handwoven Afghan kazakh design size 4'6""×6'7"" 100% wool",https://baseerorientalrugs.com/hand-kotted-rugs-sale-1/ols/products/xn-antique-look-handwoven-afghan-kazakh-design-size-4667-100-wool-b7e,"$1,890.00",$567.00,https://img1.wsimg.com/isteam/ip/6297fd88-bda9-4967-b377-b62716f47e9a/ols/20220416_145722.jpg,32
469,"Antique look handwoven Afghan kazakh design size 4x6'6""",https://baseerorientalrugs.com/hand-kotted-rugs-sale-1/ols/products/antique-look-handwoven-afghan-kazakh-design-size-4x66,"$1,450.00",$960.00,https://img1.wsimg.com/isteam/ip/6297fd88-bda9-4967-b377-b62716f47e9a/ols/20220416_150357.jpg,32
470,Colorfull beautiful handwoven Persian Faraghan rug size 5x10ft circa 1940s,https://baseerorientalrugs.com/hand-kotted-rugs-sale-1/ols/products/colorfull-beautiful-handwoven-persian-faraghan-rug-size-5x10ft-circa-1940s,"$2,800.00","$1,790.00",https://img1.wsimg.com/isteam/ip/6297fd88-bda9-4967-b377-b62716f47e9a/ols/20220416_151039.jpg,32
471,Antique hand knotted authentic Indian agra design size 4x7ft circa 1900s,https://baseerorientalrugs.com/hand-kotted-rugs-sale-1/ols/products/antique-handwoven-authentic-indian-agra-design-size-4x7ft-circa-1900s,"$3,500.00","$1,900.00",https://img1.wsimg.com/isteam/ip/6297fd88-bda9-4967-b377-b62716f47e9a/ols/20220416_155905.jpg,32
472,Vintage antique handwoven Persian kerman rug size 4x6ft circa 1920s,https://baseerorientalrugs.com/hand-kotted-rugs-sale-1/ols/products/vintage-antique-handwoven-persian-kerman-rug-size-4x6ft-circa-1920s,"$1,290.00",$550.00,https://img1.wsimg.com/isteam/ip/6297fd88-bda9-4967-b377-b62716f47e9a/ols/20220412_160822.jpg,32
473,"Soft colors handwoven tribal Baluchi design 100% pure wool, size 5ftx8ft",https://baseerorientalrugs.com/hand-kotted-rugs-sale-1/ols/products/soft-colors-handwoven-tribal-baluchi-design-100-pure-wool-size-5ftx8ft,"$2,500.00","$1,450.00",https://img1.wsimg.com/isteam/ip/6297fd88-bda9-4967-b377-b62716f47e9a/ols/20220412_120315-0001.jpg,32
474,"Antique look hand knotted Persian Sultanabad rug size 12'x17' 100% pure wool, vintage",https://baseerorientalrugs.com/hand-kotted-rugs-sale-1/ols/products/antique-look-hand-knotted-persian-sultanabad-rug-size-12x17-100-pure-wool-vintage,"$16,500.00","$9,900.00",https://img1.wsimg.com/isteam/ip/6297fd88-bda9-4967-b377-b62716f47e9a/blob-0012.png,32
475,Antique handwoven 100% pure wool authentic Turkish Oushak rug size 12ft x14ft 6inches circa 1900s,https://baseerorientalrugs.com/hand-kotted-rugs-sale-1/ols/products/antique-handwoven-100-pure-wool-authentic-turkish-oushak-rug-size-12ft-x14ft-6inches-circa-1900s,"$18,500.00","$12,500.00",https://img1.wsimg.com/isteam/ip/6297fd88-bda9-4967-b377-b62716f47e9a/blob-0014.png,32
476,"Light colored decorative handwoven Persian Sultanabad design size 9'7""x17' 100% pure wool",https://baseerorientalrugs.com/hand-kotted-rugs-sale-1/ols/products/light-colored-decorative-handwoven-persian-sultanabad-design-size-97x17-100-pure-wool,"$12,500.00","$8,500.00",https://img1.wsimg.com/isteam/ip/6297fd88-bda9-4967-b377-b62716f47e9a/blob-0015.png,32
477,Decorative modern design soft wool hand knotted rug size 9'x12',https://baseerorientalrugs.com/hand-kotted-rugs-sale-1/ols/products/decorative-modern-design-soft-wool-hand-knotted-rug-size-9x12,"$5,800.00","$3,500.00",https://img1.wsimg.com/isteam/ip/6297fd88-bda9-4967-b377-b62716f47e9a/ols/20220330_115025.jpg,32
478,(SOLD) Decorative modern design bamboo silk & wool hand knotted rug size 8'x10',https://baseerorientalrugs.com/hand-kotted-rugs-sale-1/ols/products/decorative-modern-design-silk-wool-hand-knotted-rug-size-8x10,"$4,900.00","$3,200.00",https://img1.wsimg.com/isteam/ip/6297fd88-bda9-4967-b377-b62716f47e9a/ols/20220401_134239-0001.jpg,32
479,"(SOLD) Antique handwoven authentic Persian Malayer design size 4'2""x5'7"" circa 1920s",https://baseerorientalrugs.com/hand-kotted-rugs-sale-1/ols/products/antique-handwoven-authentic-persian-malayer-design-size-4x6ft-circa-1920s,"$1,500.00",$950.00,https://img1.wsimg.com/isteam/ip/6297fd88-bda9-4967-b377-b62716f47e9a/ols/20220412_120052.jpg,32
480,"Beautiful handwoven Moroccan design somakh weave size 3'9""×6'3"" vintage",https://baseerorientalrugs.com/hand-kotted-rugs-sale-1/ols/products/xn-beautiful-handwoven-moroccan-design-somakh-weave-size-386ft-vintage-wff,"$1,450.00",$435.00,https://img1.wsimg.com/isteam/ip/6297fd88-bda9-4967-b377-b62716f47e9a/ols/20220412_110757.jpg,33
481,"Beautiful handwoven Moroccan design somakh weave size 3'6""×7'5"" vintage",https://baseerorientalrugs.com/hand-kotted-rugs-sale-1/ols/products/xn-beautiful-handwoven-moroccan-design-somakh-weave-size-367ft-vintage-wff,"$1,800.00",$540.00,https://img1.wsimg.com/isteam/ip/6297fd88-bda9-4967-b377-b62716f47e9a/ols/20220412_104704.jpg,33
482,Decorative 100% handknotted silk and wool modern rug size 8x10ft vintage like new (BIG SAVING on this rug),https://baseerorientalrugs.com/hand-kotted-rugs-sale-1/ols/products/decorative-handwoven-silk-and-wool-modern-rug-size-8x10ft,"$5,500.00","$2,500.00",https://img1.wsimg.com/isteam/ip/6297fd88-bda9-4967-b377-b62716f47e9a/ols/20220413_161054.jpg,33
483,Decorative beautiful handwoven flat weave kilim rug size 12x15ft vintage,https://baseerorientalrugs.com/hand-kotted-rugs-sale-1/ols/products/decorative-beautiful-handwoven-flat-weave-kilim-rug-size-12x15ft-vintage,"$6,500.00","$2,900.00",https://img1.wsimg.com/isteam/ip/6297fd88-bda9-4967-b377-b62716f47e9a/blob-0007.png,33
484,"Antique hadndwoven Persian Faraghan design rug size 3'1""x6'6"" circa 1900s 100% pure wool pile",https://baseerorientalrugs.com/hand-kotted-rugs-sale-1/ols/products/antique-hadndwoven-persian-faraghan-design-rug-size-31x66-circa-1900s-100-pure-wool-pile,"$1,800.00","$1,200.00",https://img1.wsimg.com/isteam/ip/6297fd88-bda9-4967-b377-b62716f47e9a/ols/20220210_143656.jpg,33
485,"Antique handwoven Persian sarouk design rug size 10'x16'6"" circa 1920s vintage",https://baseerorientalrugs.com/hand-kotted-rugs-sale-1/ols/products/antique-handwoven-persian-sarouk-design-rug-size-10x166-circa-1920s-vintage,"$12,500.00","$7,500.00",https://img1.wsimg.com/isteam/ip/6297fd88-bda9-4967-b377-b62716f47e9a/ols/20220217_110357.jpg,33
486,"Antique hadndwoven Persian Mahal rug size 11'x14'6"" circa 1920s 100% pure wool pile",https://baseerorientalrugs.com/hand-kotted-rugs-sale-1/ols/products/antique-hadndwoven-persian-mahal-rug-size-11x146-circa-1920s-100-pure-wool-pile,"$12,900.00","$6,900.00",https://img1.wsimg.com/isteam/ip/6297fd88-bda9-4967-b377-b62716f47e9a/ols/20220413_170207.jpg,33
487,"Antique hand knotted authentic Persian heriz geometric design size 9'7""×12ft 6"" circa 1900s",https://baseerorientalrugs.com/hand-kotted-rugs-sale-1/ols/products/xn-antique-handwoven-authentic-persian-herize-size-97126-circa-1900s-r9e,"$16,500.00","$10,600.00",https://img1.wsimg.com/isteam/ip/6297fd88-bda9-4967-b377-b62716f47e9a/ols/1000026004.jpg,33
488,Antique handwoven authentic Persian Mahal design size 11ft x 22ft circa 1920s,https://baseerorientalrugs.com/hand-kotted-rugs-sale-1/ols/products/antique-handwoven-authentic-persian-mahal-design-size-11ft-x-22ft-circa-1920s,"$28,000.00","$19,900.00",https://img1.wsimg.com/isteam/ip/6297fd88-bda9-4967-b377-b62716f47e9a/ols/20220413_154234.jpg,33
489,Antique hadndwoven Persian Kerman rug size 15ftx25ft circa 1950s 100% pure wool pile,https://baseerorientalrugs.com/hand-kotted-rugs-sale-1/ols/products/antique-hadndwoven-persian-kerman-rug-size-15ftx25ft-circa-1930s-100-pure-wool-pile,"$35,000.00","$19,500.00",https://img1.wsimg.com/isteam/ip/6297fd88-bda9-4967-b377-b62716f47e9a/ols/20220222_101809.jpg,33
490,Handwoven tabriz design 100% pure wool very fine quality rug size 12x18ft,https://baseerorientalrugs.com/hand-kotted-rugs-sale-1/ols/products/in-process-rug24,"$14,900.00","$9,800.00",https://img1.wsimg.com/isteam/ip/6297fd88-bda9-4967-b377-b62716f47e9a/ols/20220222_115439.jpg,33
491,Decorative American machine made Karistan design rug size 8x15ft vintage,https://baseerorientalrugs.com/hand-kotted-rugs-sale-1/ols/products/in-process-rug20,"$6,500.00","$3,900.00",https://img1.wsimg.com/isteam/ip/6297fd88-bda9-4967-b377-b62716f47e9a/ols/20220325_131142.jpg,33
492,Beautiful handwoven Persian Design kerman rug size 12x18ft circa 1950s,https://baseerorientalrugs.com/hand-kotted-rugs-sale-1/ols/products/in-process-rug19,"$14,500.00","$9,500.00",https://img1.wsimg.com/isteam/ip/6297fd88-bda9-4967-b377-b62716f47e9a/ols/20220222_122218.jpg,33
493,Decorative handwoven Afghan Turkman design size 4x5ft vintage,https://baseerorientalrugs.com/hand-kotted-rugs-sale-1/ols/products/in-process-rug-21,"$1,400.00",$650.00,https://img1.wsimg.com/isteam/ip/6297fd88-bda9-4967-b377-b62716f47e9a/ols/20220224_151722.jpg,33
494,Decorative beautiful handwoven art deco Chinese rug circa 1920s size 2'x4ft,https://baseerorientalrugs.com/hand-kotted-rugs-sale-1/ols/products/rug-in-progress-22,"$12,900.00",$650.00,https://img1.wsimg.com/isteam/ip/6297fd88-bda9-4967-b377-b62716f47e9a/ols/20220301_131249.jpg,33
495,Decorative 2 Beautiful hand knotted authentic Chinese rugs size 2x4ft,https://baseerorientalrugs.com/hand-kotted-rugs-sale-1/ols/products/rug-in-progress-21,"$1,400.00",$850.00,https://img1.wsimg.com/isteam/ip/6297fd88-bda9-4967-b377-b62716f47e9a/ols/20220302_132035.jpg,34
496,Antique handwoven Persian sarouk Mahajeran size 10'x13'ft circa 1900s 100% pure wool cotton foundation,https://baseerorientalrugs.com/hand-kotted-rugs-sale-1/ols/products/in-process-rug-16,"$25,000.00","$12,500.00",https://img1.wsimg.com/isteam/ip/6297fd88-bda9-4967-b377-b62716f47e9a/ols/20220311_161151.jpg,34
497,Decorative handknotted 100% wool Afghan chobi design rug size 8x8ft,https://baseerorientalrugs.com/hand-kotted-rugs-sale-1/ols/products/in-process-rug-3,"$4,900.00","$2,750.00",https://img1.wsimg.com/isteam/ip/6297fd88-bda9-4967-b377-b62716f47e9a/ols/20220330_121841.jpg,34
498,Beautiful handwoven authentic art deco Chinese rug size 8x11ft circa 1950s like a new (BIG SAVING on this rug),https://baseerorientalrugs.com/hand-kotted-rugs-sale-1/ols/products/in-process-rug-2,"$5,900.00","$1,900.00",https://img1.wsimg.com/isteam/ip/6297fd88-bda9-4967-b377-b62716f47e9a/ols/20220331_133745.jpg,34
499,Decorative handwoven 100% pure wool Moroccan style rug size 8x10ft (price reduced) (BIG SAVING on this rug),https://baseerorientalrugs.com/hand-kotted-rugs-sale-1/ols/products/in-process2,"$4,500.00","$2,500.00",https://img1.wsimg.com/isteam/ip/6297fd88-bda9-4967-b377-b62716f47e9a/ols/20220401_124306.jpg,34
500,Decorative hand knotted 100% silk & wool pile and cotton foundation modern design size 6ft x 9ft,https://baseerorientalrugs.com/hand-kotted-rugs-sale-1/ols/products/in-process,"$3,800.00","$2,200.00",https://img1.wsimg.com/isteam/ip/6297fd88-bda9-4967-b377-b62716f47e9a/ols/20220401_134234-0001.jpg,34
501,Antique look handwoven Persian Sultanabad rug size 11'x14' circa 1950s 100% pure wool pile,https://baseerorientalrugs.com/hand-kotted-rugs-sale-1/ols/products/rug,"$12,800.00","$6,800.00",https://img1.wsimg.com/isteam/ip/6297fd88-bda9-4967-b377-b62716f47e9a/ols/20220401_155800.jpg,34
502,Decorative hand knotted 100% wool modern rug size 8×10ft,https://baseerorientalrugs.com/hand-kotted-rugs-sale-1/ols/products/xn-decorative-handwoven-100-wool-modern-rug-size-810ft-e2d,"$4,500.00","$2,250.00",https://img1.wsimg.com/isteam/ip/6297fd88-bda9-4967-b377-b62716f47e9a/ols/20220402_153306.jpg,34
503,"Antique handwoven Kermanshah design size 9'6""×16'6"" circa 1900s",https://baseerorientalrugs.com/hand-kotted-rugs-sale-1/ols/products/xn-antique-handwoven-kermanshah-design-size-96166-circa-1900s-nue,"$25,000.00","$15,000.00",https://img1.wsimg.com/isteam/ip/6297fd88-bda9-4967-b377-b62716f47e9a/ols/1000018092-16a646a.jpg,34
504,Antique handwoven authentic Persian sarouk design rug size 10x13ft circa 1920s,https://baseerorientalrugs.com/hand-kotted-rugs-sale-1/ols/products/antique-handwoven-authentic-persian-sarouk-design-rug-size-10x13ft-circa-1920s,"$12,500.00","$8,500.00",https://img1.wsimg.com/isteam/ip/6297fd88-bda9-4967-b377-b62716f47e9a/ols/20220406_141537.jpg,34
505,Antique handwoven authentic Persian Kerman size 12ft x 20ft circa 1930s,https://baseerorientalrugs.com/hand-kotted-rugs-sale-1/ols/products/antique-handwoven-authentic-persian-kerman-size-12ft-x-20ft-circa-1930s,"$12,500.00","$6,500.00",https://img1.wsimg.com/isteam/ip/6297fd88-bda9-4967-b377-b62716f47e9a/ols/20211110_140117.jpg,34
506,Beautiful handwoven authentic Persian Faraghan 100% pure wool size 5ft x 10ft,https://baseerorientalrugs.com/hand-kotted-rugs-sale-1/ols/products/beautiful-handwoven-authentic-persian-faraghan-100-pure-wool-size-5ft-x-10ft,"$2,790.00","$1,790.00",https://img1.wsimg.com/isteam/ip/6297fd88-bda9-4967-b377-b62716f47e9a/ols/20211119_104941.jpg,34
507,Decorative handwoven bamboo silk pile modern rug size 6'x9'ft,https://baseerorientalrugs.com/hand-kotted-rugs-sale-1/ols/products/decorative-handwoven-bamboo-silk-pile-modern-rug-size-6x9ft,"$2,900.00","$1,290.00",https://img1.wsimg.com/isteam/ip/6297fd88-bda9-4967-b377-b62716f47e9a/ols/20211119_133418.jpg,34
508,Decorative handwoven bamboo silk pile modern rug size 6'x9',https://baseerorientalrugs.com/hand-kotted-rugs-sale-1/ols/products/decorative-handwoven-bamboo-silk-pile-modern-rug-size-6x9,"$2,900.00","$1,290.00",https://img1.wsimg.com/isteam/ip/6297fd88-bda9-4967-b377-b62716f47e9a/ols/20211119_134758.jpg,34
509,Decorative handwoven bamboo silk pile modern rug size 5'x7',https://baseerorientalrugs.com/hand-kotted-rugs-sale-1/ols/products/decorative-handwoven-bamboo-silk-pile-modern-rug-size-5x7,"$1,690.00","$1,190.00",https://img1.wsimg.com/isteam/ip/6297fd88-bda9-4967-b377-b62716f47e9a/ols/20211124_121740.jpg,35
510,Antique handwoven authentic Persian laverkerman rug size 13'x15',https://baseerorientalrugs.com/hand-kotted-rugs-sale-1/ols/products/antique-handwoven-authentic-persian-laverkerman-rug-size-13x15,"$18,500.00","$12,500.00",https://img1.wsimg.com/isteam/ip/6297fd88-bda9-4967-b377-b62716f47e9a/ols/20211127_160323.jpg,35
511,Beautiful hand knotted made of 100% pure wool Tabriz design rug size 9'x12',https://baseerorientalrugs.com/hand-kotted-rugs-sale-1/ols/products/xn-antique-handwoven-authentic-persian-laverkerman-87104-fie,"$7,500.00","$2,370.00",https://img1.wsimg.com/isteam/ip/6297fd88-bda9-4967-b377-b62716f47e9a/ols/20211120_143624.jpg,35
512,"Antique handwoven authentic Persian Kerman design size 8'7""×10'8"" circa 1920s",https://baseerorientalrugs.com/hand-kotted-rugs-sale-1/ols/products/xn-antique-handwoven-authentic-persian-kerman-design-size-87104-jxe,"$6,500.00","$4,500.00",https://img1.wsimg.com/isteam/ip/6297fd88-bda9-4967-b377-b62716f47e9a/ols/20211203_153603.jpg,35
513,"Antique handwoven authentic Persian laverkerman size 8'6""×11'10"" circa 1900s",https://baseerorientalrugs.com/hand-kotted-rugs-sale-1/ols/products/xn-antique-handwoven-authentic-persian-laverkerman-size-861110-circa-1900s-cxf,"$7,500.00","$4,500.00",https://img1.wsimg.com/isteam/ip/6297fd88-bda9-4967-b377-b62716f47e9a/ols/20211106_122732.jpg,35
514,"Decorative antique handwoven Beautiful Lahore design with wool pile and cotton foundation SIZE 11'8""×14'8"" circa 1920s",https://baseerorientalrugs.com/hand-kotted-rugs-sale-1/ols/products/xn-decorative-antique-handwoven-beautiful-lahore-design-with-wool-pile-and-cotton-foundation-size-118148-circa-1920s-xsi,"$12,900.00","$7,500.00",https://img1.wsimg.com/isteam/ip/6297fd88-bda9-4967-b377-b62716f47e9a/ols/20211105_152136.jpg,35
515,"Beautiful handwoven authentic antique fine quality Persian laverkerman size 9'7""×13' circa 1920s",https://baseerorientalrugs.com/hand-kotted-rugs-sale-1/ols/products/xn-beautiful-handwoven-authentic-antique-fine-quality-persian-laverkerman-size-9713-circa-1920s-o7g,"$19,000.00","$8,900.00",https://img1.wsimg.com/isteam/ip/6297fd88-bda9-4967-b377-b62716f47e9a/ols/20211104_112643.jpg,35
516,Beautiful handwoven authentic Persian Laverkerman circa 1920s size 10'×20' 100% pure wool,https://baseerorientalrugs.com/hand-kotted-rugs-sale-1/ols/products/xn-beautiful-handwoven-authentic-persian-laverkerman-circa-1920s-size-1020-100-pure-wool-zpg,"$29,000.00","$15,500.00",https://img1.wsimg.com/isteam/ip/6297fd88-bda9-4967-b377-b62716f47e9a/ols/20211104_113548.jpg,35
517,Decorative handwoven Modern design with bamboo silk and wool size 10'x14',https://baseerorientalrugs.com/hand-kotted-rugs-sale-1/ols/products/decorative-handwoven-modern-design-with-bamboo-silk-and-wool-size-10x14,"$7,500.00","$4,400.00",https://img1.wsimg.com/isteam/ip/6297fd88-bda9-4967-b377-b62716f47e9a/ols/20211020_124211.jpg,35
518,Decorative handwoven modern design with 100% bamboo silk pile size 9'x12',https://baseerorientalrugs.com/hand-kotted-rugs-sale-1/ols/products/decorative-handwoven-modern-design-with-100-bamboo-silk-pile-size-9x12,"$5,900.00","$3,790.00",https://img1.wsimg.com/isteam/ip/6297fd88-bda9-4967-b377-b62716f47e9a/ols/20211020_120853.jpg,35
519,Beautiful handwoven fine quality Turkish Basrabian rug 100% pure wool pile size 10'x16',https://baseerorientalrugs.com/hand-kotted-rugs-sale-1/ols/products/beautiful-handwoven-fine-quality-turkish-basrabian-rug-100-pure-wool-pile-size-10x16,"$9,500.00","$6,500.00",https://img1.wsimg.com/isteam/ip/6297fd88-bda9-4967-b377-b62716f47e9a/ols/20211022_114602.jpg,35
520,"Antique handwoven Turkish Sivas 100% pure wool pile size 10'5""×18'5"" circa 1920s",https://baseerorientalrugs.com/hand-kotted-rugs-sale-1/ols/products/xn-antique-handwoven-turkish-sivas-100-pure-wool-pile-size-105185-circa-1920s-e2f,"$14,500.00","$7,500.00",https://img1.wsimg.com/isteam/ip/6297fd88-bda9-4967-b377-b62716f47e9a/ols/20211023_113125.jpg,35
521,"Antique handwoven authentic very fine Persian Seani design rug size 10'5""×21'5"" circa 1900s",https://baseerorientalrugs.com/hand-kotted-rugs-sale-1/ols/products/xn-antique-handwoven-authentic-very-fine-persian-seani-design-rug-size-105215-circa-1900s-1ug,"$49,000.00","$35,000.00",https://img1.wsimg.com/isteam/ip/6297fd88-bda9-4967-b377-b62716f47e9a/ols/20211023_115552.jpg,35
522,Antique handwoven authentic Persian Bakhshayesh size 7ft by 13ft circa 1900s,https://baseerorientalrugs.com/hand-kotted-rugs-sale-1/ols/products/antique-handwoven-authentic-persian-bakhshayesh-size-7ft-by-13ft-circa-1900s,"$12,500.00","$6,900.00",https://img1.wsimg.com/isteam/ip/6297fd88-bda9-4967-b377-b62716f47e9a/ols/20211014_114845.jpg,36
523,Antique handwoven authentic Persian kharasan rug size 13ft by 19ft circa 1900s,https://baseerorientalrugs.com/hand-kotted-rugs-sale-1/ols/products/antique-handwoven-authentic-persian-kharasan-rug-size-13ft-by-19ft-circa-1900s,"$25,900.00","$19,500.00",https://img1.wsimg.com/isteam/ip/6297fd88-bda9-4967-b377-b62716f47e9a/ols/20211023_122216.jpg,36
524,"Antique handwoven authentic Persian Sarouk rug size 12'1""×16'5"" circa 1920s ft",https://baseerorientalrugs.com/hand-kotted-rugs-sale-1/ols/products/xn-antique-handwoven-authentic-persian-sarouk-rug-size-121165-circa-1920s-ft-suf,"$19,900.00","$12,900.00",https://img1.wsimg.com/isteam/ip/6297fd88-bda9-4967-b377-b62716f47e9a/ols/IMG_20211024_214856_765.jpg,36
525,"Antique handwoven authentic Persian Zigler mahal rug size 10'9""×17'6"" circa 1920s",https://baseerorientalrugs.com/hand-kotted-rugs-sale-1/ols/products/xn-antique-handwoven-authentic-persian-zigler-mahal-rug-size-109176-circa-1920s-w4f,"$29,500.00","$15,500.00",https://img1.wsimg.com/isteam/ip/6297fd88-bda9-4967-b377-b62716f47e9a/ols/20211014_145458.jpg,36
526,Antique hand knotted authentic Persian Tabriz rug circa 1900s size 11'x15',https://baseerorientalrugs.com/hand-kotted-rugs-sale-1/ols/products/antique-handwoven-authentic-persian-tabriz-circa-1900s-size-11x15,"$25,900.00","$14,900.00",https://img1.wsimg.com/isteam/ip/6297fd88-bda9-4967-b377-b62716f47e9a/ols/20211014_152059.jpg,36
527,Antique handwoven authentic Persian mustofi design size 10'x15' circa 1920s,https://baseerorientalrugs.com/hand-kotted-rugs-sale-1/ols/products/antique-handwoven-authentic-persian-mustofi-design-size-10x15-circa-1920s,"$18,000.00","$12,500.00",https://img1.wsimg.com/isteam/ip/6297fd88-bda9-4967-b377-b62716f47e9a/ols/20211014_154900.jpg,36
528,"Antique handwoven authentic Persian Tabriz rug size 10'5""x15ft circa 1930s",https://baseerorientalrugs.com/hand-kotted-rugs-sale-1/ols/products/antique-handwoven-authentic-persian-tabriz-rug-size-105x15ft-circa-1930s,"$14,900.00","$7,500.00",https://img1.wsimg.com/isteam/ip/6297fd88-bda9-4967-b377-b62716f47e9a/ols/20211014_162953.jpg,36
529,"Decorative handwoven 100% pure wool Moroccan design sorakh weave size 11'x 16'6""",https://baseerorientalrugs.com/hand-kotted-rugs-sale-1/ols/products/decorative-handwoven-100-pure-wool-moroccan-design-sorakh-weave-size-11x-166,"$18,000.00","$9,900.00",https://img1.wsimg.com/isteam/ip/6297fd88-bda9-4967-b377-b62716f47e9a/ols/20211014_163922.jpg,36
530,"Antique handwoven authentic Persian kerman size 8'8""×11' circa 1920s",https://baseerorientalrugs.com/hand-kotted-rugs-sale-1/ols/products/xn-antique-handwoven-authentic-persian-kerman-size-8811-circa-1920s-96e,"$7,500.00","$4,900.00",https://img1.wsimg.com/isteam/ip/6297fd88-bda9-4967-b377-b62716f47e9a/ols/20211014_165711.jpg,36
531,Decorative hand knotted modern design rug size 8'x10' made of 100% wool (BIG SAVING on this rug),https://baseerorientalrugs.com/hand-kotted-rugs-sale-1/ols/products/decorative-handwoven-modern-design-rug-size-8x10,"$4,500.00","$1,250.00",https://img1.wsimg.com/isteam/ip/6297fd88-bda9-4967-b377-b62716f47e9a/ols/20211015_143125.jpg,36
532,Decorative handwoven antique art deco Chinese rug size 4'x7' circa 1920s,https://baseerorientalrugs.com/hand-kotted-rugs-sale-1/ols/products/decorative-handwoven-antique-art-deco-chinese-rug-size-4x7-circa-1920s,"$2,200.00","$1,400.00",https://img1.wsimg.com/isteam/ip/6297fd88-bda9-4967-b377-b62716f47e9a/ols/20210910_153823.jpg,36
533,"(sold) Handwoven beautiful parsian Kashan rug circa 1950s size 9'6""×13'6""",https://baseerorientalrugs.com/hand-kotted-rugs-sale-1/ols/products/xn-handwoven-beautiful-parsian-kashan-rug-circa-1950s-size-96136-k2e,"$5,900.00","$3,500.00",https://img1.wsimg.com/isteam/ip/6297fd88-bda9-4967-b377-b62716f47e9a/ols/20211015_141423.jpg,36
534,Decorative handwoven Indian agra design size 10ftx10ft 100% pure wool pile rug,https://baseerorientalrugs.com/hand-kotted-rugs-sale-1/ols/products/decorative-handwoven-indian-agra-design-size-10ftx10ft-100-pure-wool-pile-rug,"$5,750.00","$3,450.00",https://img1.wsimg.com/isteam/ip/6297fd88-bda9-4967-b377-b62716f47e9a/ols/20211005_121310.jpg,36
535,Beautiful handwoven 100% pure wool pile Indian agra design size 10'x14',https://baseerorientalrugs.com/hand-kotted-rugs-sale-1/ols/products/beautiful-handwoven-100-pure-wool-pile-indian-agra-design-size-10x14,"$7,500.00","$4,900.00",https://img1.wsimg.com/isteam/ip/6297fd88-bda9-4967-b377-b62716f47e9a/ols/20211005_120308-0001.jpg,36
536,"Antique look new hand knotted kazakh design size 8'9""×11'8"" 100% pure wool",https://baseerorientalrugs.com/hand-kotted-rugs-sale-1/ols/products/xn-antique-look-new-hand-knotted-kazakh-design-size-89118-100-pure-wool-7mf,"$5,400.00","$3,790.00",https://img1.wsimg.com/isteam/ip/6297fd88-bda9-4967-b377-b62716f47e9a/blob-0005.png,37
537,Antique look new handwoven Hand-Knotted oushak design rug size 9x12ft 100% pure wool,https://baseerorientalrugs.com/hand-kotted-rugs-sale-1/ols/products/antique-look-new-handwoven-hand-knotted-oushak-design-rug-size-9x12ft-100-pure-wool,"$5,940.00","$3,864.00",https://img1.wsimg.com/isteam/ip/6297fd88-bda9-4967-b377-b62716f47e9a/ols/20211005_124348.jpg,37
538,"Antique handwoven authentic Chinese art deco Oriental rug size 8'9""×11'6"" circa 1920s",https://baseerorientalrugs.com/hand-kotted-rugs-sale-1/ols/products/xn-antique-handwoven-authentic-chinese-art-deco-oriental-rug-size-89116-circa-1920s-yfg,"$6,500.00","$4,500.00",https://img1.wsimg.com/isteam/ip/6297fd88-bda9-4967-b377-b62716f47e9a/ols/20210911_115712-0001.jpg,37
539,Antique handwoven authentic Persian saruke circa 1930s full pile size 9x12,https://baseerorientalrugs.com/hand-kotted-rugs-sale-1/ols/products/antique-handwoven-authentic-persian-saruke-circa-1930s-full-pile-size-9x12,"$7,500.00","$4,500.00",https://img1.wsimg.com/isteam/ip/6297fd88-bda9-4967-b377-b62716f47e9a/ols/20210916_160440.jpg,37
540,Antique look hand knotted oushak design 100% pure wool rug size 9ft by 12ft,https://baseerorientalrugs.com/hand-kotted-rugs-sale-1/ols/products/antique-look-hand-knotted-oushak-design-100-pure-wool-rug-size-9ft-by-12ft,"$5,975.00","$3,780.00",https://img1.wsimg.com/isteam/ip/6297fd88-bda9-4967-b377-b62716f47e9a/ols/20210929_151129.jpg,37
541,Antique look hand knotted oushak design 100% pure wool rug size 9x12,https://baseerorientalrugs.com/hand-kotted-rugs-sale-1/ols/products/antique-look-hand-knotted-oushak-design-100-pure-wool-rug-size-9x12,"$5,975.00","$3,780.00",https://img1.wsimg.com/isteam/ip/6297fd88-bda9-4967-b377-b62716f47e9a/ols/20210929_151603.jpg,37
542,Antique Handwoven Authentic Chinese Art Deco Design Circa 1910 Size 10ft by 15ft 6in,https://baseerorientalrugs.com/hand-kotted-rugs-sale-1/ols/products/antique-handwoven-authentic-chinese-art-deco-design-circa-1910s-size-10ft-by-15ft-6in,"$15,000.00","$9,750.00",https://img1.wsimg.com/isteam/ip/6297fd88-bda9-4967-b377-b62716f47e9a/ols/20210908_130233.jpg,37
543,"Decorative Handwoven Beautiful Art deco Chinese Rug Size 8'4""×11'5 #C101",https://baseerorientalrugs.com/hand-kotted-rugs-sale-1/ols/products/xn-decorative-handwoven-beautiful-art-deco-chinese-rug-size-84115-k2e,"$5,500.00","$3,900.00",https://img1.wsimg.com/isteam/ip/6297fd88-bda9-4967-b377-b62716f47e9a/ols/20210903_162743.jpg,37
544,Decorative Handwoven Transitional Oushak Design Size 8x10ft 100% Pure Wool. #O102,https://baseerorientalrugs.com/hand-kotted-rugs-sale-1/ols/products/decorative-handwoven-transitional-oushak-design-size-8x10ft-100-pure-wool,"$4,500.00","$2,900.00",https://img1.wsimg.com/isteam/ip/6297fd88-bda9-4967-b377-b62716f47e9a/ols/20210817_113216.jpg,37
545,Decorative Beautiful Handwoven Afghan Transitional Design High Quality Rug Size 8x10ft. #T104,https://baseerorientalrugs.com/hand-kotted-rugs-sale-1/ols/products/decorative-beautiful-handwoven-afghan-transitional-design-high-quality-rug-size-8x10ft,"$4,900.00","$2,900.00",https://img1.wsimg.com/isteam/ip/6297fd88-bda9-4967-b377-b62716f47e9a/ols/20210817_113646.jpg,37
546,Beautiful Handwoven Afghan Chobi Rug 100% Pure Wool Pile Size 8x10ft. #C105,https://baseerorientalrugs.com/hand-kotted-rugs-sale-1/ols/products/beautiful-handwoven-afghan-chobi-rug-100-pure-wool-pile-size-8x10ft,"$4,500.00","$2,900.00",https://img1.wsimg.com/isteam/ip/6297fd88-bda9-4967-b377-b62716f47e9a/ols/20210817_114021.jpg,37
547,Beautiful Handwoven 100% Pure Wool Afghan Oushak design Rug Size 8x10ft. #O100,https://baseerorientalrugs.com/hand-kotted-rugs-sale-1/ols/products/beautiful-handwoven-100-pure-wool-oushak-rug-size-8x10ft,"$4,500.00","$2,900.00",https://img1.wsimg.com/isteam/ip/6297fd88-bda9-4967-b377-b62716f47e9a/ols/20210817_114409.jpg,37
548,(sold) Decorative Handwoven Oushak Design 100% Pure Wool Rug Size 8x10ft. #O107,https://baseerorientalrugs.com/hand-kotted-rugs-sale-1/ols/products/decorative-handwoven-oushak-design-100-pure-wool-rug-size-8x10ft,"$4,500.00","$2,900.00",https://img1.wsimg.com/isteam/ip/6297fd88-bda9-4967-b377-b62716f47e9a/ols/20210817_115146.jpg,37
549,Decorative Handwoven Beautiful Art Deco Chinese Rug Size 9x12 #C109 circa 1950,https://baseerorientalrugs.com/hand-kotted-rugs-sale-1/ols/products/decorative-handwoven-beautiful-art-deco-chinese-rug-size-9x12,"$5,500.00","$3,900.00",https://img1.wsimg.com/isteam/ip/6297fd88-bda9-4967-b377-b62716f47e9a/ols/20210825_115532.jpg,37
550,Antique Hand knotted one of its kind Authentic Persian Serapi Circa 1900s Size 5x7ft. #S110,https://baseerorientalrugs.com/hand-kotted-rugs-sale-1/ols/products/antique-handwoven-authentic-persian-serapies-circa-1900s-size-5x7ft,"$7,500.00","$4,500.00",https://img1.wsimg.com/isteam/ip/6297fd88-bda9-4967-b377-b62716f47e9a/ols/20210731_124050.jpg,37
551,Antique Handwoven Authentic Persian Farahan Circa 1880s size 4x7ft. #F111,https://baseerorientalrugs.com/hand-kotted-rugs-sale-1/ols/products/antique-handwoven-authentic-persian-faraghan-circa-1880s-size-4x7ft,"$3,500.00","$2,250.00",https://img1.wsimg.com/isteam/ip/6297fd88-bda9-4967-b377-b62716f47e9a/ols/20210831_121746.jpg,38
552,Antique Handwoven Authentic Persian Tabriz Circa 1900 Size 4x6ft. #T112,https://baseerorientalrugs.com/hand-kotted-rugs-sale-1/ols/products/antique-handwoven-authentic-persian-tabriz-circa-1900-size-4x6ft,"$2,800.00","$1,950.00",https://img1.wsimg.com/isteam/ip/6297fd88-bda9-4967-b377-b62716f47e9a/ols/20210831_121909.jpg,38
553,"Antique Handwoven Authentic Persian Babikabat Rug Size 12'2""×19'9"" Circa 1900s. #B113",https://baseerorientalrugs.com/hand-kotted-rugs-sale-1/ols/products/xn-antique-handwoven-authentic-persian-babikabat-rug-size-122199-circa-1900s-dxf,"$65,000.00","$33,900.00",https://img1.wsimg.com/isteam/ip/6297fd88-bda9-4967-b377-b62716f47e9a/ols/20210610_121413.jpg,38
554,Decorative Colorful Handwoven Moroccan Rug Size 4ft by 7ft Vintage. #M114,https://baseerorientalrugs.com/hand-kotted-rugs-sale-1/ols/products/decorative-colorful-handwoven-moroccan-rug-size-4ft-by-7ft-vintage,"$1,490.00",$990.00,https://img1.wsimg.com/isteam/ip/6297fd88-bda9-4967-b377-b62716f47e9a/ols/20210602_105929.jpg,38
555,Decorative Handwoven 100% Pure Wool Pile Moroccan Vintage Rug Size 4ft by 7ft. #M115,https://baseerorientalrugs.com/hand-kotted-rugs-sale-1/ols/products/decorative-handwoven-100-pure-wool-pile-moroccan-vintage-rug-size-4ft-by-7ft,"$1,490.00",$990.00,https://img1.wsimg.com/isteam/ip/6297fd88-bda9-4967-b377-b62716f47e9a/ols/20210602_105743.jpg,38
556,"Decorative Handwoven 100% Pure Wool Moroccan Vintage Runner Rug Size 3'8"" x8ft. #M116",https://baseerorientalrugs.com/hand-kotted-rugs-sale-1/ols/products/decorative-handwoven-100-pure-wool-moroccan-vintage-runner-rug-size-38-x8ft,"$1,490.00",$890.00,https://img1.wsimg.com/isteam/ip/6297fd88-bda9-4967-b377-b62716f47e9a/ols/20210602_105607.jpg,38
557,Decorative Handwoven Soft Colors Moroccan 100% Pure Wool Rug Size 5ft by 7ft Vintage. #117,https://baseerorientalrugs.com/hand-kotted-rugs-sale-1/ols/products/decorative-handwoven-soft-colors-moroccan-100-pure-wool-rug-size-5ft-by-7ft-vintage,"$1,590.00",$990.00,https://img1.wsimg.com/isteam/ip/6297fd88-bda9-4967-b377-b62716f47e9a/ols/20210602_105415.jpg,38
558,Decorative Handwoven Moroccan Vintage Rug Size 5'x8' 100% Pure Wool,https://baseerorientalrugs.com/hand-kotted-rugs-sale-1/ols/products/decorative-handwoven-moroccan-vintage-rug-size-5x8-100-pure-wool,"$1,590.00",$975.00,https://img1.wsimg.com/isteam/ip/6297fd88-bda9-4967-b377-b62716f47e9a/ols/20210602_105240.jpg,38
559,"Decorative Handwoven Vintage Moroccan Tribal Design 100% Pure Wool Size 3'9""×6'. #M118",https://baseerorientalrugs.com/hand-kotted-rugs-sale-1/ols/products/xn-decorative-handwoven-vintage-moroccan-tribal-design-100-pure-wool-size-396-txf,"$1,290.00",$675.00,https://img1.wsimg.com/isteam/ip/6297fd88-bda9-4967-b377-b62716f47e9a/ols/20210602_105136.jpg,38
560,"Decorative Geometric Design Serapi Rug Size 10'x14'5"" Karistan Vintage. #S119",https://baseerorientalrugs.com/hand-kotted-rugs-sale-1/ols/products/decorative-geometric-design-serapies-rug-size-10x145-karistan-vintage,"$5,950.00","$3,500.00",https://img1.wsimg.com/isteam/ip/6297fd88-bda9-4967-b377-b62716f47e9a/ols/20210525_143626.jpg,38
561,"Antique Handwoven Authentic Art Deco Chinese Rug 100% Pure Wool Size 9'x11'4"" Circa 1920s #C121",https://baseerorientalrugs.com/hand-kotted-rugs-sale-1/ols/products/antique-handwoven-authentic-art-deco-chinese-rug-100-pure-wool-size-9114-circa-1920s,"$5,900.00","$3,590.00",https://img1.wsimg.com/isteam/ip/6297fd88-bda9-4967-b377-b62716f47e9a/ols/20210525_110247.jpg,38
562,Decorative Handwoven Authentic Persian Kashan Rug Size 8'x11' Circa 1950s #K122,https://baseerorientalrugs.com/hand-kotted-rugs-sale-1/ols/products/decorative-handwoven-authentic-persian-kashan-rug-size-8x11-circa-1950s,"$4,900.00","$1,470.00",https://img1.wsimg.com/isteam/ip/6297fd88-bda9-4967-b377-b62716f47e9a/ols/20210522_124555.jpg,38
563,Decorative Handwoven Antique Persian Herize Size 7ft x 9ft 3in Circa 1920s. #H123,https://baseerorientalrugs.com/hand-kotted-rugs-sale-1/ols/products/decorative-handwoven-antique-persian-herize-size-7ft-x-9ft-3in-circa-1920s,"$6,500.00","$4,490.00",https://img1.wsimg.com/isteam/ip/6297fd88-bda9-4967-b377-b62716f47e9a/ols/20210518_115133.jpg,38
564,Beautiful Colors Handwoven Abussan Design 100% Wool Rug Size 8ft x 10ft. #A124,https://baseerorientalrugs.com/hand-kotted-rugs-sale-1/ols/products/beautiful-colors-handwoven-abussan-design-100-wool-rug-size-8ft-x-10ft,"$5,500.00","$3,490.00",https://img1.wsimg.com/isteam/ip/6297fd88-bda9-4967-b377-b62716f47e9a/ols/20210515_120157.jpg,38
565,"Beautiful Hand knotted 100% pure wool pile Authentic Persian Kerman Rug Size 6'9""x10'7"" Circa 1930s. #K126",https://baseerorientalrugs.com/hand-kotted-rugs-sale-1/ols/products/beautiful-handwoven-authentic-persian-kerman-rug-size-7ftx10ft-circa-1930s,"$4,900.00","$3,430.00",https://img1.wsimg.com/isteam/ip/6297fd88-bda9-4967-b377-b62716f47e9a/ols/20210514_141456.jpg,38
566,"Beautiful Authentic Handwoven Antique Persian Lilihan Rug Size 5'5""x6'4"" Circa 1920s 100% Wool #L127",https://baseerorientalrugs.com/hand-kotted-rugs-sale-1/ols/products/beautiful-authentic-handwoven-antique-persian-lilihan-rug-size-55x6-circa-1920s-100-pure-wool,"$3,550.00","$2,250.00",https://img1.wsimg.com/isteam/ip/6297fd88-bda9-4967-b377-b62716f47e9a/ols/20210508_143132.jpg,39
567,"(SOLD) Beautiful Authentic Handwoven Antique Persian Lilihan Rug size 5'4""x6'4"" Circa 1920s 100% Wool #L128",https://baseerorientalrugs.com/hand-kotted-rugs-sale-1/ols/products/beautiful-authentic-handwoven-antique-persian-lilihan-rug-size-54x6-circa-1920s-100-pure-wool,"$3,750.00","$2,650.00",https://img1.wsimg.com/isteam/ip/6297fd88-bda9-4967-b377-b62716f47e9a/ols/20210508_143018.jpg,39
568,"Decorative Beautiful Handwoven Antique Persian Lilihan Design Rug Size 5'8""x6'3"" Circa 1920s. #L129",https://baseerorientalrugs.com/hand-kotted-rugs-sale-1/ols/products/decorative-beautiful-handwoven-antique-persian-lilihan-design-rug-size-57x62-circa-1920s,"$3,550.00","$2,150.00",https://img1.wsimg.com/isteam/ip/6297fd88-bda9-4967-b377-b62716f47e9a/ols/20210508_131213.jpg,39
569,Decorative Beautiful Handwoven Turkish Prayer Rug Size 4'x6' 100% Pure Silk Circa 1950s,https://baseerorientalrugs.com/hand-kotted-rugs-sale-1/ols/products/decorative-beautiful-handwoven-turkish-prayer-rug-size-4x6-100-pure-silk-circa-1950s,"$2,250.00","$1,250.00",https://img1.wsimg.com/isteam/ip/6297fd88-bda9-4967-b377-b62716f47e9a/ols/20210505_134014.jpg,39
570,Decorative Beautiful Handwoven Persian Tabriz Rug Size 3'x5' Vintage Circa 1970s Vintage. #T131,https://baseerorientalrugs.com/hand-kotted-rugs-sale-1/ols/products/decorative-beautiful-handwoven-persian-tabriz-rug-size-3x5-vintage-circa-1970s-vintage,$975.00,$625.00,https://img1.wsimg.com/isteam/ip/6297fd88-bda9-4967-b377-b62716f47e9a/ols/20210430_155142.jpg,39
571,Beautiful Authentic Handwoven Vintage Hamadan Rug Size 4'x7' Circa 1950s 100% Pure Wool #H132,https://baseerorientalrugs.com/hand-kotted-rugs-sale-1/ols/products/beautiful-authentic-handwoven-santique-hamadon-rug-size-4x7-circa-1950s-100-pure-wool,"$1,800.00",$950.00,https://img1.wsimg.com/isteam/ip/6297fd88-bda9-4967-b377-b62716f47e9a/ols/20210430_154930.jpg,39
572,(SOLD) Decorative Beautiful Blue Handwoven Turkish Sivas Rug Size 5'x8' 100% Pure Wool Circa 1950s #T134,https://baseerorientalrugs.com/hand-kotted-rugs-sale-1/ols/products/decorative-beautiful-blue-handwoven-turkish-siva-rug-size-5x8-100-pure-wool-circa-1950s,"$2,750.00","$1,400.00",https://img1.wsimg.com/isteam/ip/6297fd88-bda9-4967-b377-b62716f47e9a/ols/20210430_141900.jpg,39
573,Beautiful Authentic Handwoven Antique Persian Sarouk Faraghan Rug Size 3'x5' Circa 1900s 100% Wool #F136,https://baseerorientalrugs.com/hand-kotted-rugs-sale-1/ols/products/beautiful-authentic-handwoven-antique-persian-sarouk-faraghan-rug-size-3x5-circa-1900s-100-pure-wool,"$1,800.00","$1,200.00",https://img1.wsimg.com/isteam/ip/6297fd88-bda9-4967-b377-b62716f47e9a/ols/20210430_140950.jpg,39
574,"Antique Look Handwoven New Kazakh Rug 100% Pure Wool Size 3'6""x5' #K137",https://baseerorientalrugs.com/hand-kotted-rugs-sale-1/ols/products/antique-look-handwoven-new-kazakh-rug-100-pure-wool-size-36x5,"$1,090.00",$525.00,https://img1.wsimg.com/isteam/ip/6297fd88-bda9-4967-b377-b62716f47e9a/ols/20210430_133606.jpg,39
575,Decorative Handwoven Antique Look Kazakh Rug 100% Pure Wool Size 4'x6' New. #K138,https://baseerorientalrugs.com/hand-kotted-rugs-sale-1/ols/products/decorative-handwoven-antique-look-kazakh-rug-100-pure-wool-size-4x6-new,"$1,250.00",$650.00,https://img1.wsimg.com/isteam/ip/6297fd88-bda9-4967-b377-b62716f47e9a/ols/20210430_133134.jpg,39
576,Decorative Handwoven Afghan Kazakh Design Size 5'x6' New 100% Wool #K140,https://baseerorientalrugs.com/hand-kotted-rugs-sale-1/ols/products/decorative-handwoven-afghan-kazakh-design-size-5x6-new-100-pure-wool,"$1,400.00",$725.00,https://img1.wsimg.com/isteam/ip/6297fd88-bda9-4967-b377-b62716f47e9a/ols/20210430_131358.jpg,39
577,"Beautiful handwoven Persian Isfahan design rug size 4'6""x6'9"" 100% pure silk and wool pile and cotton foundation",https://baseerorientalrugs.com/hand-kotted-rugs-sale-1/ols/products/beautiful-authentic-handwoven-antique-persian-isfahan-rug-size-5x8-circa-1930s-100-pure-silk-and-wool,"$6,500.00","$3,900.00",https://img1.wsimg.com/isteam/ip/6297fd88-bda9-4967-b377-b62716f47e9a/ols/20210430_125625.jpg,39
578,Antique Look Handwoven Afghan Kazakh Rug 100% Wool Size 4'x6' New #K142,https://baseerorientalrugs.com/hand-kotted-rugs-sale-1/ols/products/antique-look-handwoven-afghan-kazakh-rug-100-pure-wool-size-4x6-new,"$1,290.00",$650.00,https://img1.wsimg.com/isteam/ip/6297fd88-bda9-4967-b377-b62716f47e9a/ols/20210430_125251.jpg,39
579,Antique Look Afghan Kazakh Rug 100% Pure Wool Size 4ft by 6ft New #K142,https://baseerorientalrugs.com/hand-kotted-rugs-sale-1/ols/products/antique-look-afghan-kazakh-rug-100-pure-wool-size-4ft-by-6ft-new,"$1,290.00",$650.00,https://img1.wsimg.com/isteam/ip/6297fd88-bda9-4967-b377-b62716f47e9a/ols/20210430_125032.jpg,39
580,"(SOLD) Decorative Beautiful Handwoven Persian Herize Rug Size 8'6""x12' Vintage Circa 1940s #H145",https://baseerorientalrugs.com/hand-kotted-rugs-sale-1/ols/products/decorative-beautiful-handwoven-persian-herize-rug-size-86x12-vintage-circa-1940s,"$7,400.00","$4,220.00",https://img1.wsimg.com/isteam/ip/6297fd88-bda9-4967-b377-b62716f47e9a/ols/20210429_155830.jpg,39
581,Decorative Beautiful Handwoven Flat Weave Tapestry Rug Size 6ft x9ft 100% Wool #T146,https://baseerorientalrugs.com/hand-kotted-rugs-sale-1/ols/products/decorative-beautiful-handwoven-flat-weave-tapestry-rug-size-6ft-x9ft-100-pure-wool,"$2,490.00","$1,290.00",https://img1.wsimg.com/isteam/ip/6297fd88-bda9-4967-b377-b62716f47e9a/ols/20210429_152121.jpg,40
582,Beautiful Authentic Handwoven Antique Persian Tabriz Rug Size 8'x11' Circa 1930s #T147,https://baseerorientalrugs.com/hand-kotted-rugs-sale-1/ols/products/beautiful-authentic-handwoven-antique-persian-tabriz-rug-size-8x11-circa-1930s,"$6,500.00","$4,500.00",https://img1.wsimg.com/isteam/ip/6297fd88-bda9-4967-b377-b62716f47e9a/ols/20210429_132118.jpg,40
583,Decorative Beautiful Handwoven Turkish Oushak Rug Size 4'x7' 100% Pure Wool Circa 1970s #O149,https://baseerorientalrugs.com/hand-kotted-rugs-sale-1/ols/products/decorative-beautiful-handwoven-turkish-oushak-rug-size-4x7-100-pure-wool-circa-1970s,"$1,890.00",$925.00,https://img1.wsimg.com/isteam/ip/6297fd88-bda9-4967-b377-b62716f47e9a/ols/20210429_121527.jpg,40
584,Beautiful Authentic Handwoven Antique Persian Kerman Rug Size 4'x7' Circa 1930s #K150,https://baseerorientalrugs.com/hand-kotted-rugs-sale-1/ols/products/beautiful-authentic-handwoven-antique-persian-kerman-rug-size-4x7-circa-1930s,"$2,490.00","$1,490.00",https://img1.wsimg.com/isteam/ip/6297fd88-bda9-4967-b377-b62716f47e9a/ols/20210429_120235.jpg,40
585,Beautiful Handwoven 100% Pure Silk Pile and Silk Foundation Armenian Fine Rug Size 4'x6' #A151,https://baseerorientalrugs.com/hand-kotted-rugs-sale-1/ols/products/beautiful-handwoven-100-pure-silk-pile-and-silk-foundation-armenian-fine-rug-size-4x6,"$3,490.00","$1,800.00",https://img1.wsimg.com/isteam/ip/6297fd88-bda9-4967-b377-b62716f47e9a/ols/20210429_115941.jpg,40
586,Antique Handwoven 100% Pure Wool Authentic Persian Sarouk Rug Size 4'x7' Circa 1930s #S152,https://baseerorientalrugs.com/hand-kotted-rugs-sale-1/ols/products/antique-handwoven-100-pure-wool-authentic-persian-sarouk-rug-size-4x7-circa-1930s,"$2,800.00","$1,490.00",https://img1.wsimg.com/isteam/ip/6297fd88-bda9-4967-b377-b62716f47e9a/ols/20210429_111701.jpg,40
587,Antique Handwoven Authentic Turkish 100% Silk Sivas Rug Size 3ft by 5ft. #TS155,https://baseerorientalrugs.com/hand-kotted-rugs-sale-1/ols/products/antique-handwoven-authentic-turkish-100-pure-silk-sivas-rug-size-3ft-by-5ft,"$2,500.00","$1,200.00",https://img1.wsimg.com/isteam/ip/6297fd88-bda9-4967-b377-b62716f47e9a/ols/20210429_115203.jpg,40
588,Antique Handwoven Art Deco Chinese Rug Circa 1920s Size 3'x6' 100% Wool Pile And Cotton Foundation #C156,https://baseerorientalrugs.com/hand-kotted-rugs-sale-1/ols/products/antique-handwoven-art-deco-chinese-rug-circa-1920s-size-3x6-100-pure-wool-pile-and-cotton-foundation,"$1,250.00",$695.00,https://img1.wsimg.com/isteam/ip/6297fd88-bda9-4967-b377-b62716f47e9a/ols/20210429_110302-0001.jpg,40
589,"Decorative Handwoven Afghan Kazakh Design Size 4'5""×6'8"" Antique #K157",https://baseerorientalrugs.com/hand-kotted-rugs-sale-1/ols/products/xn-decorative-handwoven-afghan-kazakh-design-size-4568-antiqued-sze,"$1,450.00",$975.00,https://img1.wsimg.com/isteam/ip/6297fd88-bda9-4967-b377-b62716f47e9a/ols/20210429_105949.jpg,40
590,"Decorative Antiqued Handwoven Afghan Kazakh Size 3'9""×5'3"" 100% Wool. #AK158",https://baseerorientalrugs.com/hand-kotted-rugs-sale-1/ols/products/xn-decorative-antiqued-handwoven-afghan-kazakh-size-3953-100-pure-wool-qkf,"$1,290.00",$650.00,https://img1.wsimg.com/isteam/ip/6297fd88-bda9-4967-b377-b62716f47e9a/ols/20210429_105839.jpg,40
591,"Antiqued Handwoven Afghan Kazakh Design Size 4'x7'7"" 100% Wool. #AK159",https://baseerorientalrugs.com/hand-kotted-rugs-sale-1/ols/products/antiqued-handwoven-afghan-kazakh-design-size-4x77-100-pure-wool,"$1,800.00",$950.00,https://img1.wsimg.com/isteam/ip/6297fd88-bda9-4967-b377-b62716f47e9a/ols/20210429_105456.jpg,40
592,Wool Afghan Turkman Design Size 5'x7' Circa 1970s #AT156,https://baseerorientalrugs.com/hand-kotted-rugs-sale-1/ols/products/100-pure-wool-afghan-turkman-design-size-5x7-circa-1970s,"$2,500.00","$1,200.00",https://img1.wsimg.com/isteam/ip/6297fd88-bda9-4967-b377-b62716f47e9a/ols/20210429_105225.jpg,40
593,"Decorative Handwoven Afghan Chobi Design Size 8'8""×11'8"" 100% Pure Wool New #AC159",https://baseerorientalrugs.com/hand-kotted-rugs-sale-1/ols/products/xn-decorative-handwoven-afghan-chobi-design-size-88118-100-pure-wool-new-mpf,"$5,750.00","$3,900.00",https://img1.wsimg.com/isteam/ip/6297fd88-bda9-4967-b377-b62716f47e9a/ols/20210422_155251.jpg,40
594,"(SOLD) Antique Rare Design Persian Bijar 100% Pure Wool Rug Size 4'3""x7'3"" Circa 1880s. #B162",https://baseerorientalrugs.com/hand-kotted-rugs-sale-1/ols/products/antique-rare-design-persian-bijar-100-pure-wool-rug-size-4x7-circa-1880s,"$6,250.00","$4,250.00","https://img1.wsimg.com/isteam/ip/6297fd88-bda9-4967-b377-b62716f47e9a/ols/20210428_162727.jpg/:/rs=w:600,h:600",40
595,"Antique Beautiful Dark Blue Persian Lilihan Design 5'2""5'10"" Circa 1920s #L164",https://baseerorientalrugs.com/hand-kotted-rugs-sale-1/ols/products/antique-beautiful-dark-blue-persian-lilihan-design-52510-circa-1920s,"$2,500.00","$1,800.00",https://img1.wsimg.com/isteam/ip/6297fd88-bda9-4967-b377-b62716f47e9a/ols/20210428_160740.jpg,40
596,"Antiqued Handwoven Persian Tabriz Size 4'x7'5"" Circa 1950s #PT166",https://baseerorientalrugs.com/hand-kotted-rugs-sale-1/ols/products/antiqued-handwoven-persian-tabriz-size-4x75-circa-1950s,"$1,900.00","$1,250.00",https://img1.wsimg.com/isteam/ip/6297fd88-bda9-4967-b377-b62716f47e9a/ols/20210428_160325.jpg,41
597,Antiqued Handwoven Afghan Kazakh Design Size 4x6ft new 100% Pure Wool. #AK167,https://baseerorientalrugs.com/hand-kotted-rugs-sale-1/ols/products/antiqued-handwoven-afghan-kazakh-design-size-4x6ft-new-100-pure-wool,"$1,400.00",$990.00,https://img1.wsimg.com/isteam/ip/6297fd88-bda9-4967-b377-b62716f47e9a/ols/20210428_154347.jpg,41
598,Antique Handwoven Authentic Persian Laver Kerman Circa 1900s Size 9'x12' #LK169,https://baseerorientalrugs.com/hand-kotted-rugs-sale-1/ols/products/antique-handwoven-authentic-persian-laverkerman-circa-1900s-size-9x12,"$9,500.00","$6,500.00",https://img1.wsimg.com/isteam/ip/6297fd88-bda9-4967-b377-b62716f47e9a/ols/20210428_130303.jpg,41
599,"(SOLD) Very Fine Handwoven Authentic Unique Design Persian Tabriz Size 8'5""×11'4"" circa 1930s #PT170",https://baseerorientalrugs.com/hand-kotted-rugs-sale-1/ols/products/xn-very-fine-handwoven-authentic-uniq-design-persian-tabriz-size-8611-59e,"$12,900.00","$7,500.00",https://img1.wsimg.com/isteam/ip/6297fd88-bda9-4967-b377-b62716f47e9a/ols/20210428_123412.jpg,41
600,"Antique Hand knotted 100% pure wool pile Authentic Persian Kashan Size 8'8""×11'8"" circa 1920Ss #PK171",https://baseerorientalrugs.com/hand-kotted-rugs-sale-1/ols/products/xn-antique-handwoven-authentic-persian-kashan-size-88118-xfe,"$12,900.00","$7,500.00",https://img1.wsimg.com/isteam/ip/6297fd88-bda9-4967-b377-b62716f47e9a/ols/20210428_115632.jpg,41
601,Beautiful Handwoven Afghan Chobi Design Dize 7x10ft 100% Pure Wool New #AC172,https://baseerorientalrugs.com/hand-kotted-rugs-sale-1/ols/products/beautiful-handwoven-afghan-chobi-design-size-7x10ft-100-pure-wool-new,"$4,900.00","$3,430.00",https://img1.wsimg.com/isteam/ip/6297fd88-bda9-4967-b377-b62716f47e9a/ols/20210424_155029.jpg,41
602,Handwoven Beautiful Persian Bijar Design Size 6x9ft Vintage #PB173,https://baseerorientalrugs.com/hand-kotted-rugs-sale-1/ols/products/handwoven-beautiful-persian-bijar-design-size-6x9ft-vintage,"$2,900.00",$870.00,https://img1.wsimg.com/isteam/ip/6297fd88-bda9-4967-b377-b62716f47e9a/ols/20210424_152345.jpg,41
603,Beautiful Handwoven Decorative Soft Colors Indian Agra Size 8'x10' Vintage #IA175,https://baseerorientalrugs.com/hand-kotted-rugs-sale-1/ols/products/beautiful-handwoven-decorative-soft-colors-indian-agra-size-8x10-vintage,"$4,500.00","$1,350.00",https://img1.wsimg.com/isteam/ip/6297fd88-bda9-4967-b377-b62716f47e9a/ols/20210424_132339.jpg,41
604,Beautiful Handwoven Authentic Persian Bijar Rug Size 6'x9' Vintage Look #PB176,https://baseerorientalrugs.com/hand-kotted-rugs-sale-1/ols/products/beautiful-handwoven-authentic-persian-bijar-rug-size-6x9-vintage-look,"$2,900.00","$1,600.00",https://img1.wsimg.com/isteam/ip/6297fd88-bda9-4967-b377-b62716f47e9a/ols/20210424_124318.jpg,41
605,"Beautiful Handwoven Authentic Persian Tabriz 100% Pure Silk And Wool Size 6'8""×10' #PT178",https://baseerorientalrugs.com/hand-kotted-rugs-sale-1/ols/products/xn-beautiful-handwoven-authentic-persian-tabriz-100-pure-silk-and-wool-size-6810-c5f,"$8,500.00","$6,900.00",https://img1.wsimg.com/isteam/ip/6297fd88-bda9-4967-b377-b62716f47e9a/ols/20210423_145648.jpg,41
606,(SOLD) Antique Handwoven Authentic Afghan Turkman Design Size 14'x24' Circa1880s #AT169,https://baseerorientalrugs.com/hand-kotted-rugs-sale-1/ols/products/antique-handwoven-authentic-afghan-turkman-design-size-14x22-circa-1900s,"$25,990.00","$19,500.00",https://img1.wsimg.com/isteam/ip/6297fd88-bda9-4967-b377-b62716f47e9a/ols/20210417_154114-0001.jpg,41
607,Decorative Handwoven Pomegranate Design Soft Blue Wool Rug Size 6'x9' New #T170,https://baseerorientalrugs.com/hand-kotted-rugs-sale-1/ols/products/decorative-handwoven-pomegranate-design-soft-blue-wool-rug-size-6x9-new,"$2,990.00","$1,890.00",https://img1.wsimg.com/isteam/ip/6297fd88-bda9-4967-b377-b62716f47e9a/ols/20210420_154931.jpg,41
608,Decorative Beautiful Handwoven Afghan Kazakh 100% Pure Wool Pile Size 6'x9' New #AK171,https://baseerorientalrugs.com/hand-kotted-rugs-sale-1/ols/products/decorative-beautiful-handwoven-afghan-kazakh-100-pure-wool-pile-size-6x9-new,"$2,990.00","$1,890.00",https://img1.wsimg.com/isteam/ip/6297fd88-bda9-4967-b377-b62716f47e9a/ols/20210420_154050.jpg,41
609,Beautiful Handwoven Tabriz Design 100% Pure Wool Rug Size 6'x9' Vintage #T174,https://baseerorientalrugs.com/hand-kotted-rugs-sale-1/ols/products/beautiful-handwoven-tabriz-design-100-pure-wool-rug-size-6x9-vintage,"$3,590.00","$2,200.00",https://img1.wsimg.com/isteam/ip/6297fd88-bda9-4967-b377-b62716f47e9a/ols/20210420_153611.jpg,41
610,Decorative Handwoven Beautiful Aubusson Design Rug Size 6'x9' 100% Silk & Wool Pile #A176,https://baseerorientalrugs.com/hand-kotted-rugs-sale-1/ols/products/decorative-handwoven-beautiful-abussan-design-rug-size-6x9-100-silk-wool-pile,"$2,900.00","$1,890.00",https://img1.wsimg.com/isteam/ip/6297fd88-bda9-4967-b377-b62716f47e9a/ols/20210420_150721.jpg,41
611,(SOLD) Antique Handwoven Authentic Persian Saruke Size 10'x13' Circa 1920s Wool Pile And Cotton Foundation #PS179,https://baseerorientalrugs.com/hand-kotted-rugs-sale-1/ols/products/antique-handwoven-authentic-persian-saruke-size-10x13-circa-1920s-wool-pile-and-cotton-foundation,"$9,500.00","$6,900.00",https://img1.wsimg.com/isteam/ip/6297fd88-bda9-4967-b377-b62716f47e9a/ols/20210417_150617.jpg,42
612,Antique Decorative Handwoven Turkish Oushak Size 11'x14' Circa 1920s Gold 100% Pure Wool Rug #O180,https://baseerorientalrugs.com/hand-kotted-rugs-sale-1/ols/products/antique-decorative-handwoven-turkish-oushak-size-11x14-circa-1920s-gold-100-pure-wool-rug,"$12,750.00","$7,900.00",https://img1.wsimg.com/isteam/ip/6297fd88-bda9-4967-b377-b62716f47e9a/ols/20210417_131310.jpg,42
613,"(SOLD) Antique Handwoven Authentic Persian Tabriz Size 6'6""×9'5"" Circa 1920s Vintage #PT181",https://baseerorientalrugs.com/hand-kotted-rugs-sale-1/ols/products/xn-antique-handwoven-authentic-persian-tabriz-size-6695-circa-1920s-vintage-nuf,"$3,900.00","$1,900.00",https://img1.wsimg.com/isteam/ip/6297fd88-bda9-4967-b377-b62716f47e9a/ols/20210417_120447.jpg,42
614,"Decorative Beautiful Handwoven Afghan Kazakh Design Wool Rug Size 9'x11'8"" New #AK190",https://baseerorientalrugs.com/hand-kotted-rugs-sale-1/ols/products/decorative-beautiful-handwoven-afghan-kazakh-design-wool-rug-size-9x118-new,"$5,841.00","$4,088.00",https://img1.wsimg.com/isteam/ip/6297fd88-bda9-4967-b377-b62716f47e9a/ols/20210417_110317-0001.jpg,42
615,"(sold) Decorative Handwoven Afghan Kazak Design Size 8'10""×11'6"" New #AK192",https://baseerorientalrugs.com/hand-kotted-rugs-sale-1/ols/products/xn-decorative-handwoven-afghan-kazakh-design-size-810116-new-dse,"$5,690.00","$3,983.00",https://img1.wsimg.com/isteam/ip/6297fd88-bda9-4967-b377-b62716f47e9a/ols/20210417_104843.jpg,42
616,"(SOLD) Decorative Handwoven Beautiful Scenery Rug Size 9'9""×13'7"" #TB195",https://baseerorientalrugs.com/hand-kotted-rugs-sale-1/ols/products/xn-decorative-handwoven-beautiful-scenery-rug-size-99137-6900-dse,"$7,500.00","$5,925.00",https://img1.wsimg.com/isteam/ip/6297fd88-bda9-4967-b377-b62716f47e9a/ols/20210417_102524.jpg,42
617,"Beautiful Pink Handwoven Persian Bakhtiary Design Size 5'3""×10' #PB196",https://baseerorientalrugs.com/hand-kotted-rugs-sale-1/ols/products/xn-beautiful-pink-handwoven-persian-bakhtiary-design-size-5310-kse,"$2,250.00","$1,500.00",https://img1.wsimg.com/isteam/ip/6297fd88-bda9-4967-b377-b62716f47e9a/ols/20210416_154957.jpg,42
618,Decorative Beautiful Handwoven Tabriz Design 100% Silk And Wool Pile Size 6'x9' #T200,https://baseerorientalrugs.com/hand-kotted-rugs-sale-1/ols/products/decorative-beautiful-handwoven-tabriz-design-100-silk-and-wool-pile-size-6x9,"$4,900.00","$2,900.00",https://img1.wsimg.com/isteam/ip/6297fd88-bda9-4967-b377-b62716f47e9a/ols/20210416_153740.jpg,42
619,Decorative Handwoven Afghan Kazakh Design Size 4'x6' 100% Pure Wool New #AK198,https://baseerorientalrugs.com/hand-kotted-rugs-sale-1/ols/products/decorative-handwoven-afghan-kazakh-design-size-4x6-100-pure-wool-new,"$1,290.00",$850.00,https://img1.wsimg.com/isteam/ip/6297fd88-bda9-4967-b377-b62716f47e9a/ols/20210416_141135.jpg,42
620,"Decorative Handwoven Afghan Kazak Design Size 4'5""×6'1"" New #AK199",https://baseerorientalrugs.com/hand-kotted-rugs-sale-1/ols/products/xn-decorative-handwoven-afghan-kazakh-design-size-4561-new-dne,"$1,650.00",$950.00,https://img1.wsimg.com/isteam/ip/6297fd88-bda9-4967-b377-b62716f47e9a/ols/20210416_140400.jpg,42
621,"Handwoven Persian Hamadan Runner Size 3'8""×10'5"" Vintage #PH203",https://baseerorientalrugs.com/hand-kotted-rugs-sale-1/ols/products/xn-handwoven-persian-hamadon-runner-size-38105-vintage-5ce,"$1,890.00",$567.00,https://img1.wsimg.com/isteam/ip/6297fd88-bda9-4967-b377-b62716f47e9a/ols/20210416_132251.jpg,42
622,"Decorative Handwoven Antique Art Deco Chinese Rug Size 2'8""x5' Circa 1930s #C204",https://baseerorientalrugs.com/hand-kotted-rugs-sale-1/ols/products/decorative-handwoven-antique-art-deco-chinese-rug-size-28x5-circa-1930s,$900.00,$650.00,https://img1.wsimg.com/isteam/ip/6297fd88-bda9-4967-b377-b62716f47e9a/ols/20210413_143948.jpg,42
623,"Decorative Handwoven Afghan Kazak Design Made of 100% Pure Wool Size 3'8""x5' New",https://baseerorientalrugs.com/hand-kotted-rugs-sale-1/ols/products/decorative-handwoven-afghan-kazakh-design-made-of-100-pure-wool-size-38x5-new,"$1,190.00",$550.00,https://img1.wsimg.com/isteam/ip/6297fd88-bda9-4967-b377-b62716f47e9a/ols/20210413_142355.jpg,42
624,Antique Handwoven Authentic Persian Qashkaie Size 5'x8' Circa 1900s 100% Wool Rug #PQ206,https://baseerorientalrugs.com/hand-kotted-rugs-sale-1/ols/products/antique-handwoven-authentic-persian-qashkaie-size-5x8-circa-1900s-100-wool-rug,"$4,900.00","$2,900.00",https://img1.wsimg.com/isteam/ip/6297fd88-bda9-4967-b377-b62716f47e9a/ols/20210413_142044.jpg,42
625,Antique Handwoven Authentic Turkish Kilim Size 5'x8' 100% Pure Wool #TK208,https://baseerorientalrugs.com/hand-kotted-rugs-sale-1/ols/products/antique-handwoven-authentic-turkish-kilim-size-5x8-100-pure-wool,"$1,900.00",$890.00,https://img1.wsimg.com/isteam/ip/6297fd88-bda9-4967-b377-b62716f47e9a/ols/20210413_141443.jpg,42
626,Antique Handwoven Afghan Beluchi Made of 100% Pure Wool Size 4'x6' Vintage #AB210,https://baseerorientalrugs.com/hand-kotted-rugs-sale-1/ols/products/antique-handwoven-afghan-beluchi-made-of-100-pure-woo-size-4x6-vintage-l,"$1,250.00",$375.00,https://img1.wsimg.com/isteam/ip/6297fd88-bda9-4967-b377-b62716f47e9a/ols/20210413_140651-0001.jpg,43
627,"Very Fine Handwoven Authentic Persian Isfahan Sairafian Size 5'x7'8"" Antique #PI2011",https://baseerorientalrugs.com/hand-kotted-rugs-sale-1/ols/products/very-fine-handwoven-authentic-persian-isfahan-sairafian-size-5x78-antiqued,"$5,900.00","$2,500.00",https://img1.wsimg.com/isteam/ip/6297fd88-bda9-4967-b377-b62716f47e9a/ols/20210413_140156.jpg,43
628,"Antique Look Handwoven Afghan Kazakh 100% Wool Size 3'8""×5' New #AK256",https://baseerorientalrugs.com/hand-kotted-rugs-sale-1/ols/products/xn-antique-look-handwoven-afghan-kazakh-100-wool-size-385-new-yue,"$1,290.00",$650.00,https://img1.wsimg.com/isteam/ip/6297fd88-bda9-4967-b377-b62716f47e9a/ols/20210413_134720.jpg,43
629,Antique Handwoven Authentic Persian Laverkerman Size 4'x6' Circa 1880s Vintage #PK257,https://baseerorientalrugs.com/hand-kotted-rugs-sale-1/ols/products/antique-handwoven-authentic-persian-laverkerman-size-4x6-circa-1880s-vintage,"$3,900.00","$1,890.00",https://img1.wsimg.com/isteam/ip/6297fd88-bda9-4967-b377-b62716f47e9a/ols/20210413_134230.jpg,43
630,Decorative Handwoven Large Afghan Chobi Size 14'x19' Beautiful Yellow Red #AC277,https://baseerorientalrugs.com/hand-kotted-rugs-sale-1/ols/products/decorative-handwoven-large-afghan-chobi-size-14x19-beautiful-yellow-red,"$22,500.00","$16,500.00",https://img1.wsimg.com/isteam/ip/6297fd88-bda9-4967-b377-b62716f47e9a/ols/20191111_090618.jpg,43
631,Antique Handwoven Authentic Persian Kerman Size 9'x12' Circa 1940s Wool Pile #PK288,https://baseerorientalrugs.com/hand-kotted-rugs-sale-1/ols/products/antique-handwoven-authentic-persian-kerman-size-9x12-circa-1920s-wool-pile,"$6,500.00","$3,900.00",https://img1.wsimg.com/isteam/ip/6297fd88-bda9-4967-b377-b62716f47e9a/ols/20190918_115317.jpg,43
632,Decorative Handwoven Indian Agra Design Size 12'x15' Gold And Purple Wool Pile #IA289,https://baseerorientalrugs.com/hand-kotted-rugs-sale-1/ols/products/decorative-handwoven-indian-agra-design-size-12x15-gold-and-purple-wool-pile,"$11,500.00","$7,500.00",https://img1.wsimg.com/isteam/ip/6297fd88-bda9-4967-b377-b62716f47e9a/ols/20191210_155051.jpg,43
633,"(SOLD) Antique Handknotted Authentic Persian Herize Design Size 11'1"" x18'7"" circa 1930s #PH290",https://baseerorientalrugs.com/hand-kotted-rugs-sale-1/ols/products/antique-handwoven-authentic-persian-herize-design-size,"$28,500.00","$17,500.00",https://img1.wsimg.com/isteam/ip/6297fd88-bda9-4967-b377-b62716f47e9a/ols/20210410_143604.jpg,43
634,"Antique Handwoven Peking Chinese Rug Circa 1920s Size 10'9""×18' Vintage #PC300",https://baseerorientalrugs.com/hand-kotted-rugs-sale-1/ols/products/xn-antique-handwoven-peking-chinese-rug-circa-1920s-size-10918-vintage-xff,"$15,900.00","$4,770.00",https://img1.wsimg.com/isteam/ip/6297fd88-bda9-4967-b377-b62716f47e9a/ols/20210410_132733.jpg,43
635,"Decorative Beautiful Handwoven Afghan Kazakh Rug Size 4'x6'6"" #AK299",https://baseerorientalrugs.com/hand-kotted-rugs-sale-1/ols/products/decorative-beautiful-handwoven-afghan-kazakh-rug-size-4x66,"$1,290.00",$750.00,https://img1.wsimg.com/isteam/ip/6297fd88-bda9-4967-b377-b62716f47e9a/ols/20210407_115621.jpg,43
636,Decorative Handwoven Afghan Kazakh Rug Size 4'x6' New 100% Pure Wool #AK300,https://baseerorientalrugs.com/hand-kotted-rugs-sale-1/ols/products/decorative-handwoven-afghan-kazakh-rug-size-4x6-new-100-pure-wool,"$1,290.00",$650.00,https://img1.wsimg.com/isteam/ip/6297fd88-bda9-4967-b377-b62716f47e9a/ols/20210407_115353.jpg,43
637,"Antique Handwoven Authentic Persian Bijar Size 4'6""×6' Circa 1900s Made of 100% Wool #PB302",https://baseerorientalrugs.com/hand-kotted-rugs-sale-1/ols/products/xn-antique-handwoven-authentic-persian-bijar-size-466-circa-1900s-made-of-100-pure-wool-gpg,"$2,500.00","$1,450.00",https://img1.wsimg.com/isteam/ip/6297fd88-bda9-4967-b377-b62716f47e9a/ols/20210407_115022.jpg,43
638,Decorative Handwoven Afghan Kazakh Rug 100% Pure Wool Size 4'x6' New #AK302,https://baseerorientalrugs.com/hand-kotted-rugs-sale-1/ols/products/decorative-handwoven-afghan-kazakh-rug-100-pure-wool-size-4x6-new,"$1,290.00",$650.00,https://img1.wsimg.com/isteam/ip/6297fd88-bda9-4967-b377-b62716f47e9a/ols/20210407_114347.jpg,43
639,Decorative Handwoven Flat Weave Modern Design Size 6'x9' Blue And White #M303,https://baseerorientalrugs.com/hand-kotted-rugs-sale-1/ols/products/decorative-handwoven-flat-weave-modern-design-size-6x9-blue-and-white,"$2,500.00","$1,450.00",https://img1.wsimg.com/isteam/ip/6297fd88-bda9-4967-b377-b62716f47e9a/ols/20210407_105451.jpg,43
640,"Beautiful Handwoven Persian Kashan Size 10'2""×16'6"" Circa 1940s Brown And Gold #PK304",https://baseerorientalrugs.com/hand-kotted-rugs-sale-1/ols/products/xn-beautiful-handwoven-persian-kashan-size-102166-circa-1940s-brown-and-gold-xwf,"$11,500.00","$7,500.00",https://img1.wsimg.com/isteam/ip/6297fd88-bda9-4967-b377-b62716f47e9a/ols/20210410_123151.jpg,43
641,Beautiful Decorative Handwoven Modern Design Flat Weave Size 8x10 Blue And White #M305,https://baseerorientalrugs.com/hand-kotted-rugs-sale-1/ols/products/beautiful-decorative-handwoven-modern-design-flat-weave-size-8x10-blue-and-white,"$3,500.00","$2,250.00",https://img1.wsimg.com/isteam/ip/6297fd88-bda9-4967-b377-b62716f47e9a/ols/20210407_105451.jpg,44
642,"Antique Handwoven Persian Bibikabat Design Size 12'5""×19'10"" Circa 1930s Soft Colors #PB306",https://baseerorientalrugs.com/hand-kotted-rugs-sale-1/ols/products/xn-antique-handwoven-persian-bibikabat-design-size-1251910-circa-1930s-soft-colors-2cg,"$12,900.00","$3,870.00",https://img1.wsimg.com/isteam/ip/6297fd88-bda9-4967-b377-b62716f47e9a/ols/20210410_120458.jpg,44
643,"Antique Beautiful Rare Design Art Deco Handwoven Persian Rug Size 10'2""×16'2"" Circa 1900s #P307",https://baseerorientalrugs.com/hand-kotted-rugs-sale-1/ols/products/xn-antique-beautiful-rare-design-art-deco-handwoven-persian-rug-size-102162-circa-1900s-0pg,"$25,000.00","$14,500.00",https://img1.wsimg.com/isteam/ip/6297fd88-bda9-4967-b377-b62716f47e9a/ols/20210401_162037.jpg,44
644,"Antique Handwoven Authentic Persian Herize Size 11'7""x15'9"" Circa 1930s Vintage #PH308",https://baseerorientalrugs.com/hand-kotted-rugs-sale-1/ols/products/antique-handwoven-authentic-persian-herize-size-10x15ft-circa-1920s-vintage,"$15,900.00","$8,900.00",https://img1.wsimg.com/isteam/ip/6297fd88-bda9-4967-b377-b62716f47e9a/ols/20210401_152115.jpg,44
645,"Decorative Handwoven 100% Wool Pile Persian Antiqued Sultanabad Size 13'8""×18'ft #PS310",https://baseerorientalrugs.com/hand-kotted-rugs-sale-1/ols/products/xn-decorative-handwoven-100-wool-pile-persian-antiqued-sultanabad-size-13818ft-q2f,"$19,500.00","$14,500.00",https://img1.wsimg.com/isteam/ip/6297fd88-bda9-4967-b377-b62716f47e9a/ols/20210401_124323.jpg,44
646,Decorative Beautiful Soft Colors Antiqued Sultanabad Size 12'ft by 20'ft Vintage #PS311,https://baseerorientalrugs.com/hand-kotted-rugs-sale-1/ols/products/decorative-beautiful-soft-colors-antiqued-sultanabad-size-12ft-by-20ft-vintage,"$18,000.00","$12,900.00",https://img1.wsimg.com/isteam/ip/6297fd88-bda9-4967-b377-b62716f47e9a/ols/20210331_160229.jpg,44
647,"Antique hand knotted 100% pure Persian Tabriz Circa 1900s Size 12'8""×18' #AP312",https://baseerorientalrugs.com/hand-kotted-rugs-sale-1/ols/products/xn-antique-persian-tabriz-circa-1900s-size-12818-uud,"$29,000.00","$16,500.00",https://img1.wsimg.com/isteam/ip/6297fd88-bda9-4967-b377-b62716f47e9a/ols/20210331_153606.jpg,44
648,Decorative Beautiful Handwoven Modern Design Bamboo Silk Rug Size 8x10ft #M314,https://baseerorientalrugs.com/hand-kotted-rugs-sale-1/ols/products/decorative-beautiful-handwoven-modern-design-bamboo-silk-rug-size-8x10ft,"$3,900.00","$2,200.00",https://img1.wsimg.com/isteam/ip/6297fd88-bda9-4967-b377-b62716f47e9a/ols/20210330_154026.jpg,44
649,Decorative Handwoven Bamboo Silk With Modern Design Size 6x9ft New #M315,https://baseerorientalrugs.com/hand-kotted-rugs-sale-1/ols/products/decorative-handwoven-bamboo-silk-with-modern-design-size-6x9ft-new,"$3,500.00","$1,050.00",https://img1.wsimg.com/isteam/ip/6297fd88-bda9-4967-b377-b62716f47e9a/ols/20210330_130844.jpg,44
650,Decorative Handwoven Gabeh Design 100% Wool Rug Size 9x12ft New #G318,https://baseerorientalrugs.com/hand-kotted-rugs-sale-1/ols/products/decorative-handwoven-gabeh-design-100-wool-rug-size-9x12ft-new,"$4,900.00","$1,470.00",https://img1.wsimg.com/isteam/ip/6297fd88-bda9-4967-b377-b62716f47e9a/ols/20210330_140519.jpg,44
651,Decorative Handwoven Modern Design Indian Rug Size 8x10ft New #MI318,https://baseerorientalrugs.com/hand-kotted-rugs-sale-1/ols/products/decorative-handwoven-modern-design-indian-rug-size-8x10ft-new,"$4,500.00","$1,800.00",https://img1.wsimg.com/isteam/ip/6297fd88-bda9-4967-b377-b62716f47e9a/ols/20210330_124146.jpg,44
652,"Decorative Soft Colors Handwoven Antique Look Turkish Rug Size 12'8""×20'4"" #AT320",https://baseerorientalrugs.com/hand-kotted-rugs-sale-1/ols/products/xn-decorative-soft-colors-handwoven-antique-look-turkish-rug-size-128204-5kf,"$22,500.00","$16,500.00",https://img1.wsimg.com/isteam/ip/6297fd88-bda9-4967-b377-b62716f47e9a/ols/20210326_161911.jpg,44
653,"Antique Handwoven Authentic Persian Sultanabad Soft Colors size 8'8""×11'5"" Circa 1920s Vintage #322",https://baseerorientalrugs.com/hand-kotted-rugs-sale-1/ols/products/xn-antique-handwoven-authentic-persian-sultanabad-soft-colors-size-88115-circa-1920s-vintage-d2g,"$6,900.00","$5,500.00",https://img1.wsimg.com/isteam/ip/6297fd88-bda9-4967-b377-b62716f47e9a/ols/20210324_133627.jpg,44
654,"Antique Authentic Persian Sultanabad size 8'8""×11'7"" circa 1920s Soft Colors #PS316",https://baseerorientalrugs.com/hand-kotted-rugs-sale-1/ols/products/xn-antique-handwoven-authentic-persian-sultanabad-size-87116-circa-1920s-soft-colors-vintage-01g,"$6,900.00","$5,500.00",https://img1.wsimg.com/isteam/ip/6297fd88-bda9-4967-b377-b62716f47e9a/ols/20210324_143430.jpg,44
655,"Beautiful Soft Colors Antique Look Handwoven Sultanabad Design Size 11'8""×17'3"" #PS350",https://baseerorientalrugs.com/hand-kotted-rugs-sale-1/ols/products/xn-beautiful-soft-colors-antique-look-handwoven-sultanabad-design-size-118173-qxf,"$12,900.00","$8,900.00",https://img1.wsimg.com/isteam/ip/6297fd88-bda9-4967-b377-b62716f47e9a/ols/20210323_170408.jpg,44
656,Antique Handwoven Decorative Authentic Persian Herize Size 8x11ft Circa 1920s Vintage #P366,https://baseerorientalrugs.com/hand-kotted-rugs-sale-1/ols/products/antique-handwoven-decorative-authentic-persian-herize-size-8x11ft-circa-1920s-vintage,"$7,900.00","$5,500.00",https://img1.wsimg.com/isteam/ip/6297fd88-bda9-4967-b377-b62716f47e9a/ols/20210323_145735.jpg,45
657,Antique Look Handwoven Afghan Kazakh Rug Size 5x7ft New #AK320,https://baseerorientalrugs.com/hand-kotted-rugs-sale-1/ols/products/antique-look-handwoven-afghan-kazakh-rug-size-5x7ft-new,"$1,450.00","$1,080.00",https://img1.wsimg.com/isteam/ip/6297fd88-bda9-4967-b377-b62716f47e9a/ols/20210320_152646.jpg,45
658,Antique Handwoven Persian Kirmanshah Rug Size 5'x8' Circa 1900s Fragment #F399,https://baseerorientalrugs.com/hand-kotted-rugs-sale-1/ols/products/antique-handwoven-persian-kirmanshah-rug-size-5x8-circa-1900s-fragment,"$2,500.00","$1,500.00",https://img1.wsimg.com/isteam/ip/6297fd88-bda9-4967-b377-b62716f47e9a/ols/20210320_152328.jpg,45
659,"Antique Handwoven Authentic Persian Bijar 100% Pure wool Rug Size 7'8""×11'4"" Circa 1900s #PB400",https://baseerorientalrugs.com/hand-kotted-rugs-sale-1/ols/products/xn-antique-handwoven-authentic-persian-bijar-100-pure-wool-rug-size-78114-circa-1900s-ing,"$12,500.00","$7,900.00",https://img1.wsimg.com/isteam/ip/6297fd88-bda9-4967-b377-b62716f47e9a/ols/20210320_145907.jpg,45
660,"Antique Handwoven Authentic Turkish Oushak Size 11'8""×13'6"" #T401",https://baseerorientalrugs.com/hand-kotted-rugs-sale-1/ols/products/xn-antique-handwoven-authentic-turkish-oushak-size-118136-gie,"$12,500.00","$7,500.00",https://img1.wsimg.com/isteam/ip/6297fd88-bda9-4967-b377-b62716f47e9a/ols/20210320_145154.jpg,45
661,Antique Handwoven Authentic Persian Mahal Circa 1920s size 9ft by 12ft Vintage Rug #PM402,https://baseerorientalrugs.com/hand-kotted-rugs-sale-1/ols/products/antique-handwoven-authentic-persian-mahal-circa-1920s-vintage-rug,"$6,500.00","$4,500.00",https://img1.wsimg.com/isteam/ip/6297fd88-bda9-4967-b377-b62716f47e9a/ols/20210320_144343.jpg,45
662,Decorative Handwoven Indian Agra Design 100% Wool Pile Rug Size 8'x10' #IA444,https://baseerorientalrugs.com/hand-kotted-rugs-sale-1/ols/products/decorative-handwoven-indian-agra-design-100-pure-wool-pile-rug-size-8x10,"$4,500.00","$2,800.00",https://img1.wsimg.com/isteam/ip/6297fd88-bda9-4967-b377-b62716f47e9a/ols/20210320_130054.jpg,45
663,"Antique Handwoven Authentic Persian Kirmanshah Size 11'8""×14' Circa 1880s #P445",https://baseerorientalrugs.com/hand-kotted-rugs-sale-1/ols/products/xn-antique-handwoven-authentic-persian-kirmanshah-size-11814-circa-1880s-ukf,"$39,000.00","$33,000.00",https://img1.wsimg.com/isteam/ip/6297fd88-bda9-4967-b377-b62716f47e9a/ols/20210320_125031.jpg,45
664,Antique Handwoven Authentic Persian Mashad Boteh Design Size 10'x14' Circa 1930s #PM446,https://baseerorientalrugs.com/hand-kotted-rugs-sale-1/ols/products/antique-handwoven-authentic-persian-mashad-boteh-design-size-10x14-circa-1930s,"$7,500.00","$4,900.00",https://img1.wsimg.com/isteam/ip/6297fd88-bda9-4967-b377-b62716f47e9a/ols/20210320_123247.jpg,45
665,Antique Handwoven Authentic Persian Lilihan Rug Size 10'x12' Circa 1920s #PL400,https://baseerorientalrugs.com/hand-kotted-rugs-sale-1/ols/products/antique-handwoven-authentic-persian-lilihan-vintage-rug-size-10x12-circa-1920s,"$5,750.00","$3,900.00",https://img1.wsimg.com/isteam/ip/6297fd88-bda9-4967-b377-b62716f47e9a/ols/20210320_121514.jpg,45
666,Decorative Handwoven Soft Colors Oushak Design 100% Wool Rug Rize 9x12'ft Vintage #O409,https://baseerorientalrugs.com/hand-kotted-rugs-sale-1/ols/products/decorative-handwoven-soft-colors-oushak-design-100-wool-rug-size-9x12ft-vintage,"$5,900.00","$3,500.00",https://img1.wsimg.com/isteam/ip/6297fd88-bda9-4967-b377-b62716f47e9a/ols/20210320_114520.jpg,45
667,Beautiful Handwoven Fine Quality Beautiful Kerman Size 8x10ft #K488,https://baseerorientalrugs.com/hand-kotted-rugs-sale-1/ols/products/beautiful-handwoven-fine-quality-beautiful-kerman-size-8x10ft,"$5,500.00","$3,800.00",https://img1.wsimg.com/isteam/ip/6297fd88-bda9-4967-b377-b62716f47e9a/ols/20210318_160859.jpg,45
668,"Decorative Handwoven Persian Herize Rug Circa 1950s Size 7'9""×10' #PH466",https://baseerorientalrugs.com/hand-kotted-rugs-sale-1/ols/products/xn-decorative-handwoven-persian-herize-rug-circa-1950s-size-7910-2ze,"$5,890.00","$3,500.00",https://img1.wsimg.com/isteam/ip/6297fd88-bda9-4967-b377-b62716f47e9a/ols/20210318_155138.jpg,45
669,Antique Handwoven Authentic Persian Tabriz Size 5x8'7 Circa 1900s Vintage #PT470,https://baseerorientalrugs.com/hand-kotted-rugs-sale-1/ols/products/antique-handwoven-authentic-persian-tabriz-size-5x87-circa-1900s-vintage,"$3,500.00","$2,450.00",https://img1.wsimg.com/isteam/ip/6297fd88-bda9-4967-b377-b62716f47e9a/ols/20210318_160143.jpg,45
670,"Antique Handwoven Authentic Caucasian Karabough Design Size 3'4""×16'3"" Circa 1880s #CK410",https://baseerorientalrugs.com/hand-kotted-rugs-sale-1/ols/products/xn-antique-handwoven-authentic-caucasian-karabough-design-size-34163-circa-1880s-f7f,"$9,500.00","$6,500.00",https://img1.wsimg.com/isteam/ip/6297fd88-bda9-4967-b377-b62716f47e9a/ols/20210318_153737.jpg,45
671,"Antique Handwoven Authentic Persian Tabriz Design Wool Pile Cotton Foundation SIZE 9x12'8"" #PT500",https://baseerorientalrugs.com/hand-kotted-rugs-sale-1/ols/products/antique-handwoven-authentic-persian-tabriz-design-100-wool-pile-cotton-foundation-size-9x128,"$7,500.00","$4,900.00",https://img1.wsimg.com/isteam/ip/6297fd88-bda9-4967-b377-b62716f47e9a/ols/IMG_20210318_013833_280.jpg,46
672,Antique Handwoven Authentic Persian Kashan Circa 1920s Size 10'x14' #PK469,https://baseerorientalrugs.com/hand-kotted-rugs-sale-1/ols/products/antique-handwoven-authentic-persian-kashan-circa-1920s-size-10x14,"$8,900.00","$5,900.00",https://img1.wsimg.com/isteam/ip/6297fd88-bda9-4967-b377-b62716f47e9a/ols/IMG_20210318_014225_659.jpg,46
673,Antique Handwoven Authentic Persian Tabriz Vintage Soft Colors Size 10'x15' #PT501,https://baseerorientalrugs.com/hand-kotted-rugs-sale-1/ols/products/antique-handwoven-authentic-persian-tabriz-vintage-soft-colors-size-10x15,"$7,500.00","$4,900.00",https://img1.wsimg.com/isteam/ip/6297fd88-bda9-4967-b377-b62716f47e9a/ols/20210316_162010.jpg,46
674,"Antique Handwoven Vintage Persian Kerman Rug Size 9'6""×14'4"" #PK405",https://baseerorientalrugs.com/hand-kotted-rugs-sale-1/ols/products/xn-antique-handwoven-vintage-persian-kerman-rug-size-96144-yke,"$7,500.00","$4,900.00",https://img1.wsimg.com/isteam/ip/6297fd88-bda9-4967-b377-b62716f47e9a/ols/20210316_160710.jpg,46
675,"Decorative Beautiful Handwoven soft blue sultanabad desing Size 9'6""×13'6"" #MAW501 100% pure wool rug",https://baseerorientalrugs.com/hand-kotted-rugs-sale-1/ols/products/xn-decorative-beautiful-handwoven-antique-washed-look-size-96136-1ze,"$9,500.00","$5,900.00",https://img1.wsimg.com/isteam/ip/6297fd88-bda9-4967-b377-b62716f47e9a/ols/20210316_155736.jpg,46
676,"Antique Handwoven Vintage Persian Kerman Design Persian Rug Size 9'6""×16' #PK509",https://baseerorientalrugs.com/hand-kotted-rugs-sale-1/ols/products/xn-antique-handwoven-vintage-persian-kerman-design-persian-rug-size-9616-pif,"$7,500.00","$5,500.00",https://img1.wsimg.com/isteam/ip/6297fd88-bda9-4967-b377-b62716f47e9a/ols/20210316_153847.jpg,46
677,Beautiful Handwoven Antique Turkish Oushak Size 6'x9' #TO507,https://baseerorientalrugs.com/hand-kotted-rugs-sale-1/ols/products/beautiful-handwoven-antique-turkish-oushak-size-6x9,"$5,500.00","$3,500.00",https://img1.wsimg.com/isteam/ip/6297fd88-bda9-4967-b377-b62716f47e9a/ols/20210312_162526.jpg,46
678,Beautiful Handwoven Transitional Kazakh Design Rug Size 5'×7' #TK505,https://baseerorientalrugs.com/hand-kotted-rugs-sale-1/ols/products/xn-beautiful-handwoven-transitional-kazakh-design-rug-size-57-kne,"$1,800.00","$1,250.00",https://img1.wsimg.com/isteam/ip/6297fd88-bda9-4967-b377-b62716f47e9a/ols/20210312_155854.jpg,46
679,Decorative Handwoven Afghan Kazakh Rug Size 8'x11' #AK601,https://baseerorientalrugs.com/hand-kotted-rugs-sale-1/ols/products/decorative-handwoven-afghan-kazakh-rug-size-8x11,"$4,200.00","$3,200.00",https://img1.wsimg.com/isteam/ip/6297fd88-bda9-4967-b377-b62716f47e9a/ols/20210312_153932.jpg,46
680,"Antique Handwoven Authentic Persian Tabriz Size 8'7""×11'6"" PT500",https://baseerorientalrugs.com/hand-kotted-rugs-sale-1/ols/products/xn-antique-handwoven-authentic-persian-tabriz-size-87116-xfe,"$6,900.00","$4,500.00",https://img1.wsimg.com/isteam/ip/6297fd88-bda9-4967-b377-b62716f47e9a/ols/20210312_153342.jpg,46
681,Decorative Beautiful Handwoven Afghan Kazakh Rug Size 8'x10' AK502,https://baseerorientalrugs.com/hand-kotted-rugs-sale-1/ols/products/decorative-beautiful-handwoven-afghan-kazakh-rug-size-8x10,"$3,900.00","$2,900.00",https://img1.wsimg.com/isteam/ip/6297fd88-bda9-4967-b377-b62716f47e9a/ols/20210312_152800.jpg,46
682,100% Wool Pile Transitional Kazakh Design Size 8'x10' K503,https://baseerorientalrugs.com/hand-kotted-rugs-sale-1/ols/products/100-wool-pile-transitional-kazakh-design-size-8x10,"$3,900.00","$2,900.00",https://img1.wsimg.com/isteam/ip/6297fd88-bda9-4967-b377-b62716f47e9a/ols/20210312_152235.jpg,46
683,Beautiful Handwoven Blue Afghan Kazakh Design Rug Size 8x10 #AK506,https://baseerorientalrugs.com/hand-kotted-rugs-sale-1/ols/products/beautiful-handwoven-blue-afghan-kazakh-design-rug-size-8x10,"$3,900.00","$2,800.00",https://img1.wsimg.com/isteam/ip/6297fd88-bda9-4967-b377-b62716f47e9a/ols/20210312_151330.jpg,46
684,Decorative Handwoven Afghan Chobi Design Size 8'x10' #AC507,https://baseerorientalrugs.com/hand-kotted-rugs-sale-1/ols/products/decorative-handwoven-afghan-chobi-design-size-8x10,"$5,900.00","$3,500.00",https://img1.wsimg.com/isteam/ip/6297fd88-bda9-4967-b377-b62716f47e9a/ols/20210312_145100.jpg,46
685,"Beautiful Handwoven Afghan Khorjen Design Runner Size 2'8""×9' #AK507",https://baseerorientalrugs.com/hand-kotted-rugs-sale-1/ols/products/xn-beautiful-handwoven-afghan-khorjen-design-runner-size-289-kne,"$1,450.00",$875.00,https://img1.wsimg.com/isteam/ip/6297fd88-bda9-4967-b377-b62716f47e9a/ols/20210312_143731.jpg,46
686,"Decorative Handwoven Moroccan Design 100% Pure Wool Pile Rug Size 2'4""×6' #M508",https://baseerorientalrugs.com/hand-kotted-rugs-sale-1/ols/products/xn-decorative-handwoven-moroccan-design-100-pure-wool-pile-rug-size-246-qif,$990.00,$550.00,https://img1.wsimg.com/isteam/ip/6297fd88-bda9-4967-b377-b62716f47e9a/ols/20210312_121951.jpg,47
687,Decorative Handwoven Moroccan Design 100% Pure Wool Pile And Size 10'x13' #M510,https://baseerorientalrugs.com/hand-kotted-rugs-sale-1/ols/products/decorative-handwoven-moroccan-design-100-pure-wool-pile-and-size-10x13,"$6,500.00","$4,500.00",https://img1.wsimg.com/isteam/ip/6297fd88-bda9-4967-b377-b62716f47e9a/ols/20210312_121516.jpg,47
688,Decorative Handwoven Moroccan Design 100% Pure Wool Pile Rug Size 9x12 ft #M510,https://baseerorientalrugs.com/hand-kotted-rugs-sale-1/ols/products/decorative-handwoven-moroccan-design-100-pure-wool-pile-rug-size-9x12-ft,"$5,500.00","$3,700.00",https://img1.wsimg.com/isteam/ip/6297fd88-bda9-4967-b377-b62716f47e9a/ols/20210312_120832.jpg,47
689,Decorative Handwoven Moroccan Design 100% Pure Wool Pile Rug Size 9'x12' #M511,https://baseerorientalrugs.com/hand-kotted-rugs-sale-1/ols/products/decorative-handwoven-moroccan-design-100-pure-wool-pile-rug-size-9x12,"$5,500.00","$3,700.00",https://img1.wsimg.com/isteam/ip/6297fd88-bda9-4967-b377-b62716f47e9a/ols/20210312_115941.jpg,47
690,Decorative Handwoven Moroccan Design 100% Pure Wool Pile Rug Size 8'x10' #M512,https://baseerorientalrugs.com/hand-kotted-rugs-sale-1/ols/products/decorative-handwoven-moroccan-design-100-pure-wool-pile-rug-size-8x10,"$4,500.00","$2,800.00",https://img1.wsimg.com/isteam/ip/6297fd88-bda9-4967-b377-b62716f47e9a/ols/20210312_115308.jpg,47
691,Decorative Handwoven Moroccan Design 100% Pure Wool Pile Size 8'x10' #513,https://baseerorientalrugs.com/hand-kotted-rugs-sale-1/ols/products/decorative-handwoven-moroccan-design-100-pure-wool-pile-size-8x10,"$4,500.00","$2,800.00",https://img1.wsimg.com/isteam/ip/6297fd88-bda9-4967-b377-b62716f47e9a/ols/20210312_114716.jpg,47
692,Decorative Handwoven Moroccan Design Size 6'x9'ft #514,https://baseerorientalrugs.com/hand-kotted-rugs-sale-1/ols/products/decorative-handwoven-moroccan-design-size-6x9ft,"$3,500.00","$2,200.00",https://img1.wsimg.com/isteam/ip/6297fd88-bda9-4967-b377-b62716f47e9a/ols/20210312_114138.jpg,47
693,Decorative Hand knotted 100% wool Moroccan Design Size 6x9 #M515,https://baseerorientalrugs.com/hand-kotted-rugs-sale-1/ols/products/decorative-handwoven-moroccan-design-size-6x9,"$3,500.00","$2,200.00",https://img1.wsimg.com/isteam/ip/6297fd88-bda9-4967-b377-b62716f47e9a/ols/20210312_113818.jpg,47
694,"Antique Handwoven Vintage Persian Tabriz Size 9'7""×12'8"" VP #PT519",https://baseerorientalrugs.com/hand-kotted-rugs-sale-1/ols/products/xn-antique-handwoven-vintage-persian-tabriz-size-97128-w9d,"$6,500.00","$4,000.00",https://img1.wsimg.com/isteam/ip/6297fd88-bda9-4967-b377-b62716f47e9a/ols/20210312_113122.jpg,47
695,"Antique Handwoven Vintage Persian Tabriz Size 9'6"" by 13ft #PT517",https://baseerorientalrugs.com/hand-kotted-rugs-sale-1/ols/products/antique-handwoven-vintage-persian-tabriz-size-10ft-by13ft,"$6,500.00","$4,000.00",https://img1.wsimg.com/isteam/ip/6297fd88-bda9-4967-b377-b62716f47e9a/ols/20210312_112304.jpg,47
696,Decorative Handwoven Geometric Design Persian Herize Size 8x11ft Circa 1940s #PH520,https://baseerorientalrugs.com/hand-kotted-rugs-sale-1/ols/products/decorative-handwoven-geometric-design-persian-herize-size-8x11ft-circa-1940s,"$5,500.00","$4,250.00",https://img1.wsimg.com/isteam/ip/6297fd88-bda9-4967-b377-b62716f47e9a/ols/20210306_153019-0001.jpg,47
697,Handwoven Afghan Kazakh Rug 100% Pure Pile And Cotton Foundation Size 8x10 ft #AK520,https://baseerorientalrugs.com/hand-kotted-rugs-sale-1/ols/products/decorative-handwoven-afghan-kazakh-rug-100-pure-pile-and-cotton-foundation-size-8x10-ft,"$4,500.00","$2,800.00",https://img1.wsimg.com/isteam/ip/6297fd88-bda9-4967-b377-b62716f47e9a/ols/20210306_160357-0001.jpg,47
698,"Antique Handwoven Soft Colored Oushak Design Circa 1920s Size 12'8""×13' #O522",https://baseerorientalrugs.com/hand-kotted-rugs-sale-1/ols/products/xn-antique-handwoven-soft-colored-oushak-design-circa-1920s-size-12813-odf,"$12,900.00","$7,500.00",https://img1.wsimg.com/isteam/ip/6297fd88-bda9-4967-b377-b62716f47e9a/ols/IMG_20210311_083835_361.jpg,47
699,Beautiful Handwoven Moroccan Design 100% Pure Soft Wool Rug Size 8x10ft #M525,https://baseerorientalrugs.com/hand-kotted-rugs-sale-1/ols/products/beautiful-handwoven-moroccan-design-100-pure-soft-wool-rug-size-8x10ft,"$4,500.00","$3,200.00",https://img1.wsimg.com/isteam/ip/6297fd88-bda9-4967-b377-b62716f47e9a/ols/20210311_144039.jpg,47
700,"(SOLD) Decorative Beautiful Handwoven Moroccan Design Rug Size 8'9""×11'8"" #M526",https://baseerorientalrugs.com/hand-kotted-rugs-sale-1/ols/products/xn-decorative-beautiful-handwoven-moroccan-design-rug-size-89118-1ze,"$5,200.00","$3,900.00",https://img1.wsimg.com/isteam/ip/6297fd88-bda9-4967-b377-b62716f47e9a/ols/20210311_144739.jpg,47
701,Handwoven Indian Rug 100% Pure Silk And Wool Pile Size 8x8ft #I527,https://baseerorientalrugs.com/hand-kotted-rugs-sale-1/ols/products/decorative-handwoven-indian-rug-100-pure-silk-and-wool-pile-size-8x8ft,"$4,500.00","$3,800.00",https://img1.wsimg.com/isteam/ip/6297fd88-bda9-4967-b377-b62716f47e9a/ols/20210311_145333.jpg,48
702,Beautiful Handwoven Persian Tabriz Size 8x10 #PT528,https://baseerorientalrugs.com/hand-kotted-rugs-sale-1/ols/products/beautiful-handwoven-persian-tabriz-size-8x10,"$6,500.00","$3,500.00",https://img1.wsimg.com/isteam/ip/6297fd88-bda9-4967-b377-b62716f47e9a/ols/20210311_150530.jpg,48
703,Decorative Handwoven Afghan Chobi Design Size 8ft by 10ft #AC532,https://baseerorientalrugs.com/hand-kotted-rugs-sale-1/ols/products/decorative-handwoven-afghan-chobi-design-size-8ft-by-10ft,"$4,590.00","$3,500.00",https://img1.wsimg.com/isteam/ip/6297fd88-bda9-4967-b377-b62716f47e9a/ols/20210311_153132.jpg,48
704,Antique Handwoven Authentic Chinese Art Deco Size 8x10 #C535,https://baseerorientalrugs.com/hand-kotted-rugs-sale-1/ols/products/antique-handwoven-authentic-chinese-art-deco-size-8x10,"$4,500.00","$3,450.00",https://img1.wsimg.com/isteam/ip/6297fd88-bda9-4967-b377-b62716f47e9a/ols/IMG_20210304_085027_991.jpg,48
705,(SOLD) Decorative Handwoven Antique Persian Herize Size 12x15ft #PH522,https://baseerorientalrugs.com/hand-kotted-rugs-sale-1/ols/products/decorative-handwoven-antique-persian-herize-size-12x15ft,"$24,500.00","$18,500.00",https://img1.wsimg.com/isteam/ip/6297fd88-bda9-4967-b377-b62716f47e9a/ols/IMG_20210304_211235_067.jpg,48
706,Antique Handwoven Authentic Persian Tabriz Size 7ftx10ft #PT523 circa 1940s,https://baseerorientalrugs.com/hand-kotted-rugs-sale-1/ols/products/antique-handwoven-authentic-persian-tabriz-size-7ftx10ft,"$5,900.00","$3,900.00",https://img1.wsimg.com/isteam/ip/6297fd88-bda9-4967-b377-b62716f47e9a/ols/IMG_20210304_085835_751.jpg,48
707,Decorative Handknotted 100% pure wool Oushak Design Size 9x12 NEW! #O525,https://baseerorientalrugs.com/hand-kotted-rugs-sale-1/ols/products/decorative-handwoven-oushak-design-size-9x12-new,"$5,900.00","$3,950.00",https://img1.wsimg.com/isteam/ip/6297fd88-bda9-4967-b377-b62716f47e9a/ols/IMG_20210304_212013_755.jpg,48
708,Antique Look Handwoven Afghan Kazakh Rug Size 7x9ft #AK527,https://baseerorientalrugs.com/hand-kotted-rugs-sale-1/ols/products/antique-look-handwoven-afghan-kazakh-rug-size-7x9ft,"$3,390.00","$1,750.00",https://img1.wsimg.com/isteam/ip/6297fd88-bda9-4967-b377-b62716f47e9a/ols/20210305_152630.jpg,48
709,"Soft Colors Handwoven Persian Tabriz Size 6'6""×7' #PT528",https://baseerorientalrugs.com/hand-kotted-rugs-sale-1/ols/products/xn-soft-colors-handwoven-persian-tabriz-size-667-vud,"$3,500.00","$2,200.00",https://img1.wsimg.com/isteam/ip/6297fd88-bda9-4967-b377-b62716f47e9a/ols/20210306_112919.jpg,48
710,"Decorative Handwoven Geometric Design Persian Herize Size 6ft5""x10ft #PH529",https://baseerorientalrugs.com/hand-kotted-rugs-sale-1/ols/products/decorative-handwoven-geometric-design-persian-herize-size-6ft5x10ft,"$4,500.00","$2,900.00",https://img1.wsimg.com/isteam/ip/6297fd88-bda9-4967-b377-b62716f47e9a/ols/20210306_105747.jpg,48
711,"Soft Color Handwoven Silk And Wool Persian Tabriz Size 6'6""×10' #PT529",https://baseerorientalrugs.com/hand-kotted-rugs-sale-1/ols/products/xn-soft-color-handwoven-silk-and-wool-persian-tabriz-size-6610-kse,"$6,500.00","$4,900.00",https://img1.wsimg.com/isteam/ip/6297fd88-bda9-4967-b377-b62716f47e9a/ols/20210306_111727.jpg,48
712,"Hunting Scene Beautiful Handwoven 100% Pure Silk Rug Size 2'2""×3'2"" #SILK530",https://baseerorientalrugs.com/hand-kotted-rugs-sale-1/ols/products/xn-hunting-scene-beautiful-handwoven-100-pure-silk-rug-size-2232-l2e,"$1,290.00",$650.00,https://img1.wsimg.com/isteam/ip/6297fd88-bda9-4967-b377-b62716f47e9a/ols/20210306_121315.jpg,48
713,Antique Look Handwoven Afghan Chobi Design Size 12'x14' #AC531,https://baseerorientalrugs.com/hand-kotted-rugs-sale-1/ols/products/antique-look-handwoven-afghan-chobi-design-size-12x14,"$8,900.00","$5,900.00",https://img1.wsimg.com/isteam/ip/6297fd88-bda9-4967-b377-b62716f47e9a/ols/20210306_121938.jpg,48
714,Handwoven Afghan Kazak size 9ftx12ft 100% wool pile and wool foundation,https://baseerorientalrugs.com/hand-kotted-rugs-sale-1/ols/products/handwoven-afghan-kazak-size-9ftx12ft-100-wool-pile-and-wool-foundation,"$4,500.00","$2,550.00",https://img1.wsimg.com/isteam/ip/6297fd88-bda9-4967-b377-b62716f47e9a/ols/20210306_124605.jpg,48
715,(SOLD) Beautiful Handwoven Transitional Design Size 10'x14'ft NEW #HW532,https://baseerorientalrugs.com/hand-kotted-rugs-sale-1/ols/products/beautiful-handwoven-transitional-design-size-10x14ft-new,"$5,900.00","$3,900.00",https://img1.wsimg.com/isteam/ip/6297fd88-bda9-4967-b377-b62716f47e9a/ols/20210306_150028.jpg,48
716,Decorative Handwoven Afghan Chobi Design Size 7'x10' NEW #AC535,https://baseerorientalrugs.com/hand-kotted-rugs-sale-1/ols/products/decorative-handwoven-afghan-chobi-design-size-7x10-new,"$3,500.00","$2,290.00",https://img1.wsimg.com/isteam/ip/6297fd88-bda9-4967-b377-b62716f47e9a/ols/20210306_152309.jpg,49
717,"Antique Handwoven Authentic Persian Herize Rug Size 6'8""×9' Circa 1930s #PH536",https://baseerorientalrugs.com/hand-kotted-rugs-sale-1/ols/products/xn-antique-handwoven-authentic-persian-herize-rug-size-689-circa-1930s-uff,"$6,500.00","$3,900.00",https://img1.wsimg.com/isteam/ip/6297fd88-bda9-4967-b377-b62716f47e9a/ols/20210306_153019.jpg,49
718,Antique Look Handwoven Afghan Kazakh Wool Rug Size 8x10 NEW #AK537,https://baseerorientalrugs.com/hand-kotted-rugs-sale-1/ols/products/antique-look-handwoven-afghan-kazakh-wool-rug-size-8x10-new,"$4,590.00","$2,800.00",https://img1.wsimg.com/isteam/ip/6297fd88-bda9-4967-b377-b62716f47e9a/ols/20210306_160357.jpg,49
719,"Antique Hand knotted Kashan Mansori Design Size 10'9""×14' 100% pure manchester wool Circa 1920s #K540",https://baseerorientalrugs.com/hand-kotted-rugs-sale-1/ols/products/xn-antique-handwoven-kashan-design-size-10914-circa-1920s-4he,"$15,900.00","$9,900.00",https://isteam.wsimg.com/ip/6297fd88-bda9-4967-b377-b62716f47e9a/ols/20210303_161859.jpg,49
720,"Beautiful Handwoven Authentic Persian Ghum Rug Silk & Wool Size 3'6""×5'1"" #PG541",https://baseerorientalrugs.com/hand-kotted-rugs-sale-1/ols/products/xn-beautiful-handwoven-authentic-persian-ghum-rug-silk-wool-size-3651-pnf,"$1,650.00",$800.00,https://isteam.wsimg.com/ip/6297fd88-bda9-4967-b377-b62716f47e9a/ols/20210302_112307.jpg,49
721,"Antique Handknotted Vintage Persian Tabriz Size 6'7""×9'6"" circa 1930s #PT542",https://baseerorientalrugs.com/hand-kotted-rugs-sale-1/ols/products/xn-antique-handwoven-vintage-persian-tabriz-size-6796-f7d,"$3,900.00","$2,500.00",https://img1.wsimg.com/isteam/ip/6297fd88-bda9-4967-b377-b62716f47e9a/ols/20210226_155157.jpg,49
722,"Handwoven Authentic Persian 100% Silk And Wool Tabriz Square Rug Size 6'8""×6'8"" #SILK555",https://baseerorientalrugs.com/hand-kotted-rugs-sale-1/ols/products/xn-beautiful-handwoven-authentic-persian-100-pure-silk-and-wwol-tabriz-square-rug-size-6868-h0g,"$5,500.00","$3,900.00",https://img1.wsimg.com/isteam/ip/6297fd88-bda9-4967-b377-b62716f47e9a/ols/20210226_151833.jpg,49
723,Decorative Handwoven Transitional Oushak Design Size 6'x9ft #TO556,https://baseerorientalrugs.com/hand-kotted-rugs-sale-1/ols/products/decorative-handwoven-transitional-oushak-design-size-6x9ft,"$2,890.00","$1,850.00",https://img1.wsimg.com/isteam/ip/6297fd88-bda9-4967-b377-b62716f47e9a/ols/20210226_145642.jpg,49
724,"Decorative Handwoven Indian Rug With Turkman Design Size 6'1""×9'2"" #TRK557",https://baseerorientalrugs.com/hand-kotted-rugs-sale-1/ols/products/xn-decorative-handwoven-indian-rug-with-turkman-design-size-6192-2ze,"$2,800.00","$1,760.00",https://img1.wsimg.com/isteam/ip/6297fd88-bda9-4967-b377-b62716f47e9a/ols/20210226_144608.jpg,49
725,"Decorative Handwoven Turkman Design 100% Pure Wool Rug Size 6ftx9'4"" #TRK558",https://baseerorientalrugs.com/hand-kotted-rugs-sale-1/ols/products/decorative-handwoven-turkman-design-100-pure-wool-rug-size-6ftx94,"$2,800.00","$1,750.00",https://img1.wsimg.com/isteam/ip/6297fd88-bda9-4967-b377-b62716f47e9a/ols/20210226_143053.jpg,49
726,Beautiful Handwoven Authentic Persian Kalagi Size 5ftx10ft #PK559,https://baseerorientalrugs.com/hand-kotted-rugs-sale-1/ols/products/beautiful-handwoven-authentic-persian-kalagi-size-5ftx10ft,"$2,900.00",$870.00,https://img1.wsimg.com/isteam/ip/6297fd88-bda9-4967-b377-b62716f47e9a/ols/20210226_141843.jpg,49
727,"(SOLD) Antique Handwoven Light Colored Persian Kerman Rug Size 6'4""×9'5"" #PK559",https://baseerorientalrugs.com/hand-kotted-rugs-sale-1/ols/products/xn-antique-handwoven-light-colored-persian-kerman-rug-size-6495-kxe,"$3,500.00","$1,800.00",https://img1.wsimg.com/isteam/ip/6297fd88-bda9-4967-b377-b62716f47e9a/ols/20210226_135950.jpg,49
728,"Decorative Handwoven Transitional Herize Design Size 7ftx13'7"" #H560",https://baseerorientalrugs.com/hand-kotted-rugs-sale-1/ols/products/decorative-handwoven-transitional-herize-design-size-7ftx137,"$4,800.00","$3,950.00",https://img1.wsimg.com/isteam/ip/6297fd88-bda9-4967-b377-b62716f47e9a/ols/20210226_125842.jpg,49
729,"Decorative Handwoven Persian Sultanabad Rug Size 7×9'3"" #PS560",https://baseerorientalrugs.com/hand-kotted-rugs-sale-1/ols/products/xn-decorative-handwoven-persian-sultanabad-rug-size-793-f7d,"$4,500.00","$2,750.00",https://img1.wsimg.com/isteam/ip/6297fd88-bda9-4967-b377-b62716f47e9a/ols/20210226_124243.jpg,49
730,Antique Handwoven Authentic Persian Herize Size 10x15ft circa 1930s #PH561,https://baseerorientalrugs.com/hand-kotted-rugs-sale-1/ols/products/antique-handwoven-authentic-persian-herize-size-10x15ft-circa-1930s,"$14,500.00","$8,900.00",https://img1.wsimg.com/isteam/ip/6297fd88-bda9-4967-b377-b62716f47e9a/ols/20210224_153150.jpg,49
731,"Beautiful Handwoven Afghan Khorjen Design 100% Wool Size 5'10""×7'8"" #AK562",https://baseerorientalrugs.com/hand-kotted-rugs-sale-1/ols/products/xn-beautiful-handwoven-afghan-khorjen-design-100-purewool-size-51078-5ff,"$1,900.00","$1,400.00",https://img1.wsimg.com/isteam/ip/6297fd88-bda9-4967-b377-b62716f47e9a/ols/20210224_121157.jpg,50
732,"Very Fine Beautiful Handwoven Indian Rug 100% Pure Wool Size 6'1""×8'9"" #I570",https://baseerorientalrugs.com/hand-kotted-rugs-sale-1/ols/products/xn-very-fine-beautiful-handwoven-indian-rug-100-pure-wool-size-6189-49e,"$4,500.00","$2,900.00",https://img1.wsimg.com/isteam/ip/6297fd88-bda9-4967-b377-b62716f47e9a/ols/20210224_115559.jpg,50
733,Decorative Handwoven Indian Agra Design 6x6 Round #RI591,https://baseerorientalrugs.com/hand-kotted-rugs-sale-1/ols/products/decorative-handwoven-indian-agra-design-6x6-round,"$1,290.00",$725.00,https://img1.wsimg.com/isteam/ip/6297fd88-bda9-4967-b377-b62716f47e9a/ols/20210224_114823.jpg,50
734,Beautiful Birds Handwoven 100% Pure Wool Afghan Bird Design Size 6x9 #A592,https://baseerorientalrugs.com/hand-kotted-rugs-sale-1/ols/products/beautiful-birds-handwoven-100-pure-wool-afghan-bird-design-size-6x9,"$3,500.00","$2,375.00",https://img1.wsimg.com/isteam/ip/6297fd88-bda9-4967-b377-b62716f47e9a/ols/20210224_114127.jpg,50
735,"Decorative hand knotted 100% wool pile Afghan kazakh rug size 6'6""×8'7""",https://baseerorientalrugs.com/hand-kotted-rugs-sale-1/ols/products/xn-decorative-handwoven-afghan-kazakh-rug-size-6687-e2d,"$2,590.00","$1,675.00",https://img1.wsimg.com/isteam/ip/6297fd88-bda9-4967-b377-b62716f47e9a/ols/20210224_112520.jpg,50
736,"Beautiful decorative handwoven Afghan chobi design rug size 5'9""×7'4""",https://baseerorientalrugs.com/hand-kotted-rugs-sale-1/ols/products/xn-beautiful-decorative-handwoven-afghan-chobi-design-rug-size-5974-m7e,"$1,800.00","$1,290.00",https://img1.wsimg.com/isteam/ip/6297fd88-bda9-4967-b377-b62716f47e9a/ols/20210224_105404.jpg,50
737,"Very fine beautiful design handwoven rug size 6'6""×10'2""",https://baseerorientalrugs.com/hand-kotted-rugs-sale-1/ols/products/xn-very-fine-beautiful-design-handwoven-rug-size-66102-w9d,"$6,500.00","$3,900.00",https://img1.wsimg.com/isteam/ip/6297fd88-bda9-4967-b377-b62716f47e9a/ols/20210224_111423.jpg,50
738,"Tribal handwoven Persian boteh design rug circa 1950s size 6'2""×8'10""",https://baseerorientalrugs.com/hand-kotted-rugs-sale-1/ols/products/xn-tribal-handwoven-persian-boteh-design-rug-circa-1950s-size-62810-l7e,"$2,450.00",$735.00,https://isteam.wsimg.com/ip/6297fd88-bda9-4967-b377-b62716f47e9a/20210224_104236.jpg,50
739,Decorative handwoven chobi design afghan rug size 6'x9',https://baseerorientalrugs.com/hand-kotted-rugs-sale-1/ols/products/decorative-handwoven-chobi-design-afghan-rug-size-6x9,"$2,750.00","$1,490.00",https://img1.wsimg.com/isteam/ip/6297fd88-bda9-4967-b377-b62716f47e9a/ols/1614182310757589060453760422655.jpg,50
740,"Very fine handwoven Persian Isfahan made of 100% pure silk and wool size 3'5""×5'6""",https://baseerorientalrugs.com/hand-kotted-rugs-sale-1/ols/products/xn-very-fine-handwoven-persian-isfahan-made-of-100-pure-silk-and-wool-size-3556-b5f,"$3,900.00","$2,750.00",https://img1.wsimg.com/isteam/ip/6297fd88-bda9-4967-b377-b62716f47e9a/ols/20210223_103357.jpg,50
741,"Fine quality traditional handwoven Persian Isfahan 100% pure,silk & wool size 5'x7'7""",https://baseerorientalrugs.com/hand-kotted-rugs-sale-1/ols/products/fine-quality-traditional-handwoven-persian-isfahan-100-puresilk-wool-size-5x77,"$7,500.00","$4,500.00",https://img1.wsimg.com/isteam/ip/6297fd88-bda9-4967-b377-b62716f47e9a/ols/IMG_20210223_141506_314.jpg,50
742,"(SOLD) Beautiful handwoven authentic Persian Tabriz 100% pure,silk & wool size 5'x6'7""",https://baseerorientalrugs.com/hand-kotted-rugs-sale-1/ols/products/beautiful-handwoven-authentic-persian-tabriz-100-puresilk-wool-size-5x67,"$5,500.00","$3,500.00",https://img1.wsimg.com/isteam/ip/6297fd88-bda9-4967-b377-b62716f47e9a/ols/20210223_100308.jpg,51
743,"Beautiful handwoven authentic Persian tree of life 100% pure silk size 2'5""×4'5""",https://baseerorientalrugs.com/hand-kotted-rugs-sale-1/ols/products/xn-beautiful-handwoven-authentic-persian-tree-of-life-100-pure-silk-size-2545-9zf,"$2,900.00","$1,890.00",https://img1.wsimg.com/isteam/ip/6297fd88-bda9-4967-b377-b62716f47e9a/ols/20210223_075512.jpg,51
744,"Antique handwoven authentic Persian boteh design circa 1900s size 5ft 9""x12ft 9""",https://baseerorientalrugs.com/hand-kotted-rugs-sale-1/ols/products/antique-handwoven-authentic-persian-boteh-design-circa-1900s-size-5x12,"$5,900.00","$3,450.00",https://img1.wsimg.com/isteam/ip/6297fd88-bda9-4967-b377-b62716f47e9a/ols/20200821_113023-0001.jpg,51
745,"Antique handwoven authentic Persian tribal design runner size 3'4""×9'",https://baseerorientalrugs.com/hand-kotted-rugs-sale-1/ols/products/xn-antique-handwoven-authentic-persian-tribal-design-runner-size-349-o7e,"$4,750.00","$3,450.00",https://img1.wsimg.com/isteam/ip/6297fd88-bda9-4967-b377-b62716f47e9a/ols/20200821_120345-0001.jpg,51
746,"Decorative handwoven Afghan kazakh runner size 2'8""×16'",https://baseerorientalrugs.com/hand-kotted-rugs-sale-1/ols/products/xn-decorative-handwoven-afghan-kazakh-runner-size-2813-g7d,"$2,800.00","$1,650.00",https://img1.wsimg.com/isteam/ip/6297fd88-bda9-4967-b377-b62716f47e9a/ols/20200821_155352-0002.jpg,51
747,"Decorative handwoven Afghan kazakh runner size 2'8""×12'",https://baseerorientalrugs.com/hand-kotted-rugs-sale-1/ols/products/xn-decorative-handwoven-afghan-kazakh-runner-size-2812-g7d,"$1,800.00","$1,250.00",https://img1.wsimg.com/isteam/ip/6297fd88-bda9-4967-b377-b62716f47e9a/ols/20200821_121817-0001.jpg,51
748,"Antique handwoven Indian agra size 2'4""×14'",https://baseerorientalrugs.com/hand-kotted-rugs-sale-1/ols/products/xn-antique-handwoven-indian-agra-size-2414-9cd,"$4,500.00","$2,900.00",https://img1.wsimg.com/isteam/ip/6297fd88-bda9-4967-b377-b62716f47e9a/ols/20200821_123505-0001.jpg,51
749,Beautiful handwoven Persian tabriz runner size 3x17',https://baseerorientalrugs.com/hand-kotted-rugs-sale-1/ols/products/beautiful-handwoven-persian-tabriz-runner-size-3x17,"$3,800.00","$2,400.00",https://img1.wsimg.com/isteam/ip/6297fd88-bda9-4967-b377-b62716f47e9a/ols/20200821_123852-0001.jpg,51
750,Very fine 100% pure silk and wool hereke rug size 2x3,https://baseerorientalrugs.com/hand-kotted-rugs-sale-1/ols/products/very-fine-100-pure-silk-and-wool-hereke-rug-size-2x3,"$1,450.00",$850.00,https://img1.wsimg.com/isteam/ip/6297fd88-bda9-4967-b377-b62716f47e9a/ols/20210217_145403.jpg,51
751,Fine quality handwoven Persian ghum pictures size 2x3,https://baseerorientalrugs.com/hand-kotted-rugs-sale-1/ols/products/fine-quality-handwoven-persian-ghum-pictures-size-2x3,"$1,275.00",$850.00,https://img1.wsimg.com/isteam/ip/6297fd88-bda9-4967-b377-b62716f47e9a/ols/20210217_145810.jpg,51
752,Antique handwoven Persian faraghan circa 1930s size 4x6,https://baseerorientalrugs.com/hand-kotted-rugs-sale-1/ols/products/antique-handwoven-persian-faraghan-circa-1930s-size-4x6,"$2,500.00","$1,400.00",https://img1.wsimg.com/isteam/ip/6297fd88-bda9-4967-b377-b62716f47e9a/ols/20200822_140842-0001.jpg,51
753,Antique handwoven authentic Persian tribal design size 5x10 circa 1880s,https://baseerorientalrugs.com/hand-kotted-rugs-sale-1/ols/products/antique-handwoven-authentic-persian-tribal-design-size-5x10-circa-1880s,"$8,900.00","$6,500.00",https://img1.wsimg.com/isteam/ip/6297fd88-bda9-4967-b377-b62716f47e9a/ols/20200822_141443.jpg,51
754,Antique handknotted one of its kind authentic Persian faraghan circa 1850s size 5'x11'ft,https://baseerorientalrugs.com/hand-kotted-rugs-sale-1/ols/products/antique-handwoven-authentic-persian-faraghan-circa-1850s-size-5x11,"$12,500.00","$7,500.00",https://img1.wsimg.com/isteam/ip/6297fd88-bda9-4967-b377-b62716f47e9a/ols/20201002_144409.jpg,51
755,Antique handwoven Persian herize runner size 3x12,https://baseerorientalrugs.com/hand-kotted-rugs-sale-1/ols/products/antique-handwoven-persian-herize-runner-size-3x12,"$2,500.00","$1,450.00",https://img1.wsimg.com/isteam/ip/6297fd88-bda9-4967-b377-b62716f47e9a/ols/20200909_112024.jpg,51
756,Antique handwoven authentic Persian laverkerman circa 1900s size 4'x6',https://baseerorientalrugs.com/hand-kotted-rugs-sale-1/ols/products/antique-handwoven-authentic-persian-laverkerman-circa-1900s-size-4x6,"$3,800.00","$2,500.00",https://img1.wsimg.com/isteam/ip/6297fd88-bda9-4967-b377-b62716f47e9a/ols/20201002_160809-0001.jpg,51
757,"Antique hand knotted authentic Persian Sultanabad size 12'10""x 20'5"" circa 1900s vintage",https://baseerorientalrugs.com/hand-kotted-rugs-sale-1/ols/products/antique-hand-knotted-authentic-persian-sultanabad-size-12-10-x-20-5-circa-1900s-vintage,"$75,000.00","$29,000.00",https://img1.wsimg.com/isteam/ip/6297fd88-bda9-4967-b377-b62716f47e9a/ols/20230426_145457.jpg,52
758,Fine quality traditional handwoven 100٪ pure silk and wool Persian Nain size 7x7 square,https://baseerorientalrugs.com/hand-kotted-rugs-sale-1/ols/products/xn-fine-quality-traditional-handwoven-100-pure-silk-and-wool-persian-nain-size-7x7-square-z12i,"$8,500.00","$5,600.00",https://img1.wsimg.com/isteam/ip/6297fd88-bda9-4967-b377-b62716f47e9a/ols/20200923_144732.jpg,52
759,"decorative handknotted authentic Persian afshar runner size 2'7""×16'6""",https://baseerorientalrugs.com/hand-kotted-rugs-sale-1/ols/products/xn-antique-handwoven-authentic-persian-afshar-size-27166-xfe,"$3,500.00","$2,450.00",https://img1.wsimg.com/isteam/ip/6297fd88-bda9-4967-b377-b62716f47e9a/ols/20210216_130310.jpg,52
760,Decorative handknottted Turkish sivas design 100% pure wool rug size 10x13ft vintage,https://baseerorientalrugs.com/hand-kotted-rugs-sale-1/ols/products/decorative-handwoven-modern-design-100-pure-wool-rug-size-10x13,"$6,500.00","$4,800.00",https://img1.wsimg.com/isteam/ip/6297fd88-bda9-4967-b377-b62716f47e9a/ols/20201001_093711.jpg,52
761,Decorative handwoven Transitional Oushak design made of 100% wool in afghanistan size 6x9 new,https://baseerorientalrugs.com/hand-kotted-rugs-sale-1/ols/products/decorative-handwoven-transitional-design-made-of-100-wool-size-6x9,"$3,800.00","$2,200.00",https://img1.wsimg.com/isteam/ip/6297fd88-bda9-4967-b377-b62716f47e9a/ols/20201014_154906-0001.jpg,52
762,Antique handwoven authentic turkish oushak rug size 11'x14',https://baseerorientalrugs.com/hand-kotted-rugs-sale-1/ols/products/antique-handwoven-authentic-turkish-oushak-rug-size-11x14,"$25,000.00","$16,800.00",https://img1.wsimg.com/isteam/ip/6297fd88-bda9-4967-b377-b62716f47e9a/ols/20201128_083451-0001.jpg,52
763,Antique handknotted authentic Persian saruke faraghan size 4x6' circa 1900s,https://baseerorientalrugs.com/hand-kotted-rugs-sale-1/ols/products/antique-handwoven-authentic-persian-saruke-faraghan-size-4x6,"$2,500.00","$1,600.00",https://img1.wsimg.com/isteam/ip/6297fd88-bda9-4967-b377-b62716f47e9a/ols/20210102_114140-0001.jpg,52
764,Beautiful birds on handwoven wool rug size 8x10',https://baseerorientalrugs.com/hand-kotted-rugs-sale-1/ols/products/beautiful-birds-on-handwoven-wool-rug-size-8x10,"$4,900.00","$3,300.00",https://img1.wsimg.com/isteam/ip/6297fd88-bda9-4967-b377-b62716f47e9a/ols/20201222_114354-0001.jpg,52
765,Decorative handwoven Transitional afghan garden design 100% pure wool rug size 9x12',https://baseerorientalrugs.com/hand-kotted-rugs-sale-1/ols/products/decorative-handwoven-transitional-design-100-pure-wool-rug-size-9x12,"$5,900.00","$3,750.00",https://img1.wsimg.com/isteam/ip/6297fd88-bda9-4967-b377-b62716f47e9a/ols/20201222_114251-0001.jpg,52
766,Decorative handwoven 100% pure wool Moroccan design size 8x10',https://baseerorientalrugs.com/hand-kotted-rugs-sale-1/ols/products/decorative-handwoven-100-pure-wool-moroccan-design-size-8x10,"$4,900.00","$2,900.00",https://img1.wsimg.com/isteam/ip/6297fd88-bda9-4967-b377-b62716f47e9a/ols/20210109_132511-0001.jpg,52
767,Decorative handwoven Moroccan design 100% pure wool rug size 9x12' made in Afghanistan,https://baseerorientalrugs.com/hand-kotted-rugs-sale-1/ols/products/decorative-handwoven-modern-100-wool-rug-size-9x12,"$5,900.00","$3,750.00",https://img1.wsimg.com/isteam/ip/6297fd88-bda9-4967-b377-b62716f47e9a/ols/20210109_133053-0001.jpg,52
768,Beautiful handknottted authentic Persian 100% pure wool pile tabriz design rug size 8x10' circa 1940s,https://baseerorientalrugs.com/hand-kotted-rugs-sale-1/ols/products/beautiful-handwoven-authentic-persian-tabriz-rug-size-8x10,"$5,900.00","$2,800.00",https://img1.wsimg.com/isteam/ip/6297fd88-bda9-4967-b377-b62716f47e9a/ols/20210109_154941-0001.jpg,52
769,Decorative handknotted soft bamboo silk pile modern rug size 10'x14',https://baseerorientalrugs.com/hand-kotted-rugs-sale-1/ols/products/decorative-handwoven-silk-and-wool-modern-rug-size-10x14,"$7,800.00","$4,500.00",https://img1.wsimg.com/isteam/ip/6297fd88-bda9-4967-b377-b62716f47e9a/ols/20210109_133938-0001.jpg,52
770,"(Sold) Very fine 100% pure silk and wool 625KPSI tabriz size 8x11'3""",https://baseerorientalrugs.com/hand-kotted-rugs-sale-1/ols/products/very-fine-100-pure-silk-and-wool-625kpsi-tabriz-size-8x113,"$24,500.00","$14,500.00",https://img1.wsimg.com/isteam/ip/6297fd88-bda9-4967-b377-b62716f47e9a/ols/20210213_115725.jpg,52
771,Fine quality handwoven 100% pure silk and wool tabriz design Persian rug size 5x7',https://baseerorientalrugs.com/hand-kotted-rugs-sale-1/ols/products/fine-quality-handwoven-100-pure-silk-and-wool-tabriz-design-persian-rug-size-5x7,"$5,500.00","$3,500.00",https://img1.wsimg.com/isteam/ip/6297fd88-bda9-4967-b377-b62716f47e9a/ols/16132345469284198985397536916179.jpg,52
772,Beautiful handwoven Persian Kashan 100% wool pile size 8x11,https://baseerorientalrugs.com/hand-kotted-rugs-sale-1/ols/products/beautiful-handwoven-persian-kashan-100-wool-pile-size-8x11,"$4,800.00","$1,440.00",https://isteam.wsimg.com/ip/6297fd88-bda9-4967-b377-b62716f47e9a/ols/20210112_140324-0001.jpg,53
773,Beautiful handwoven Persian tabriz design wool rug size 9x12,https://baseerorientalrugs.com/hand-kotted-rugs-sale-1/ols/products/beautiful-handwoven-persian-tabriz-design-wool-rug-size-9x12,"$5,750.00","$1,725.00",https://img1.wsimg.com/isteam/ip/6297fd88-bda9-4967-b377-b62716f47e9a/ols/20210109_160022-0001.jpg,53
774,(SOLD) Beautiful pure wool Moroccan style handwoven rug size 9x12,https://baseerorientalrugs.com/hand-kotted-rugs-sale-1/ols/products/beautiful-pure-wool-moroccan-style-handwoven-rug-size-9x12,"$5,900.00","$3,900.00",https://img1.wsimg.com/isteam/ip/6297fd88-bda9-4967-b377-b62716f47e9a/ols/20210112_141540-0001.jpg,53
775,Handwoven soft colors Persian tabriz rug size 8x12,https://baseerorientalrugs.com/hand-kotted-rugs-sale-1/ols/products/handwoven-soft-colors-persian-tabriz-rug-size-8x12,"$6,500.00","$3,900.00",https://img1.wsimg.com/isteam/ip/6297fd88-bda9-4967-b377-b62716f47e9a/ols/20210113_143704-0001.jpg,53
776,Antique handwoven authentic Persian mahal circa 1930s size 8x12,https://baseerorientalrugs.com/hand-kotted-rugs-sale-1/ols/products/antique-handwoven-authentic-persian-mahal-circa-1930s-size-8x12,"$6,500.00","$3,900.00",https://img1.wsimg.com/isteam/ip/6297fd88-bda9-4967-b377-b62716f47e9a/ols/20210113_144634-0001.jpg,53
777,Fine quality traditional handwoven Persian Kashan olive color size 10x13,https://baseerorientalrugs.com/hand-kotted-rugs-sale-1/ols/products/fine-quality-traditional-handwoven-persian-kashan-olive-color-size-10x13,"$8,900.00","$5,900.00",https://img1.wsimg.com/isteam/ip/6297fd88-bda9-4967-b377-b62716f47e9a/ols/20210116_115657-0001.jpg,53
778,"Beautiful handknotted very fine quality floral design, made of 100% pure wool, rug size 10x10",https://baseerorientalrugs.com/hand-kotted-rugs-sale-1/ols/products/beautiful-handwoven-floral-design-very-fine-quality-rug-size-10x10,"$5,500.00","$1,650.00",https://img1.wsimg.com/isteam/ip/6297fd88-bda9-4967-b377-b62716f47e9a/ols/20210116_121418-0001.jpg,53
779,Beautiful floral design very fine quality handknotted rug size 7x10ft made of 100% wool,https://baseerorientalrugs.com/hand-kotted-rugs-sale-1/ols/products/beautiful-floral-design-fine-quality-handwoven-rug-size-7x10,"$4,900.00","$1,470.00",https://img1.wsimg.com/isteam/ip/6297fd88-bda9-4967-b377-b62716f47e9a/ols/20210116_124135-0001.jpg,53
780,Decorative handknotted very fine quality tabriz design rug size 9x12ft vintage,https://baseerorientalrugs.com/hand-kotted-rugs-sale-1/ols/products/decorative-handwoven-very-fine-quality-tabriz-design-rug-size-9x12,"$8,500.00","$4,500.00",https://img1.wsimg.com/isteam/ip/6297fd88-bda9-4967-b377-b62716f47e9a/ols/20210116_125532-0001.jpg,53
781,"Antique handknotted authentic Persian light color tabriz rug size 8ft 2"" by 11ft 2"" soft colors circa 1930s",https://baseerorientalrugs.com/hand-kotted-rugs-sale-1/ols/products/antique-handwoven-authentic-persian-light-color-tabriz-rug-size-8x10,"$6,500.00","$3,900.00",https://img1.wsimg.com/isteam/ip/6297fd88-bda9-4967-b377-b62716f47e9a/ols/20210116_150340-0001.jpg,53
782,Decorative handwoven Indian agra 100% pure wool size 9x12,https://baseerorientalrugs.com/hand-kotted-rugs-sale-1/ols/products/decorative-handwoven-indian-agra-100-pure-wool-size-9x12,"$5,700.00","$1,710.00",https://img1.wsimg.com/isteam/ip/6297fd88-bda9-4967-b377-b62716f47e9a/ols/20210116_153911-0001.jpg,53
783,Decorative handknotted herize design light colors size 9x12 made in India,https://baseerorientalrugs.com/hand-kotted-rugs-sale-1/ols/products/decorative-handwoven-herize-design-light-colors-size-9x12,"$5,800.00","$1,650.00",https://img1.wsimg.com/isteam/ip/6297fd88-bda9-4967-b377-b62716f47e9a/ols/20210116_155827-0001.jpg,53
784,Beautiful handknotted 100% pure wool shirvan design Afghan wool rug size 5x8,https://baseerorientalrugs.com/hand-kotted-rugs-sale-1/ols/products/beautiful-handwoven-afghan-wool-rug-size-5x8,"$1,800.00","$1,200.00",https://img1.wsimg.com/isteam/ip/6297fd88-bda9-4967-b377-b62716f47e9a/ols/20210119_105635.jpg,53
785,Beautiful handknotted boteh design Indian rug size 9x12ft 100% pure wool,https://baseerorientalrugs.com/hand-kotted-rugs-sale-1/ols/products/beautiful-handwoven-boteh-design-indian-rug-size-9x12-100-pure-wool,"$6,500.00","$1,950.00",https://img1.wsimg.com/isteam/ip/6297fd88-bda9-4967-b377-b62716f47e9a/ols/20210119_145526.jpg,53
786,Rare tribal wall hanging handknotted Afghan rug 100% pure wool rug size 3x6ft,https://baseerorientalrugs.com/hand-kotted-rugs-sale-1/ols/products/rare-tribal-handwoven-afghan-100-pure-wool-rug-size-3x6,"$1,200.00",$360.00,https://img1.wsimg.com/isteam/ip/6297fd88-bda9-4967-b377-b62716f47e9a/ols/20210119_122047.jpg,54
787,Decorative handwoven authentic Chinese art deco rug size 6x9 circa 1920s,https://baseerorientalrugs.com/hand-kotted-rugs-sale-1/ols/products/decorative-handwoven-authentic-chinese-art-deco-rug-size-6x9-circa-1920s,"$4,800.00","$2,200.00",https://img1.wsimg.com/isteam/ip/6297fd88-bda9-4967-b377-b62716f47e9a/ols/20210119_142100.jpg,54
788,Decorative handwoven Indian agra design 100% pure wool size 9x12ft,https://baseerorientalrugs.com/hand-kotted-rugs-sale-1/ols/products/decorative-handwoven-indian-agra-design-100-pure-wool-size-9x12,"$5,800.00","$3,800.00",https://img1.wsimg.com/isteam/ip/6297fd88-bda9-4967-b377-b62716f47e9a/ols/20210119_142847.jpg,54
789,Beautiful handwoven tabriz design Indian rug size 8x10 made of 100% pure wool and silk vintage,https://baseerorientalrugs.com/hand-kotted-rugs-sale-1/ols/products/beautiful-handwoven-tabriz-design-indian-rug-size-8x10,"$5,900.00","$1,770.00",https://img1.wsimg.com/isteam/ip/6297fd88-bda9-4967-b377-b62716f47e9a/ols/20210119_155036.jpg,54
790,Handwoven Indian floral design 100% pure wool rug size 8x10 vintage,https://baseerorientalrugs.com/hand-kotted-rugs-sale-1/ols/products/handwoven-indian-floral-design-100-pure-wool-rug-size-8x10-vintage,"$6,500.00","$1,950.00",https://img1.wsimg.com/isteam/ip/6297fd88-bda9-4967-b377-b62716f47e9a/ols/20210120_111403.jpg,54
791,Beautiful decorative art deco Chinese rug size 10x10 circa 1970s,https://baseerorientalrugs.com/hand-kotted-rugs-sale-1/ols/products/beautiful-decorative-art-deco-chinese-rug-size-10x10-circa-1970s,"$4,500.00","$2,500.00",https://img1.wsimg.com/isteam/ip/6297fd88-bda9-4967-b377-b62716f47e9a/ols/20210120_121840.jpg,54
792,"Antique handwoven NW Persian design runner size 3'4""×10' circa 1920s made of 100% pure wool",https://baseerorientalrugs.com/hand-kotted-rugs-sale-1/ols/products/xn-antique-handwoven-nw-persian-design-runner-size-3410-y9d,"$4,900.00","$2,900.00",https://img1.wsimg.com/isteam/ip/6297fd88-bda9-4967-b377-b62716f47e9a/ols/20210120_152658.jpg,54
793,Beautiful handwoven authentic Persian saruke circa 1950s size 8x10,https://baseerorientalrugs.com/hand-kotted-rugs-sale-1/ols/products/beautiful-handwoven-authentic-persian-saruke-circa-1950s-size-8x10,"$5,500.00","$3,500.00",https://img1.wsimg.com/isteam/ip/6297fd88-bda9-4967-b377-b62716f47e9a/ols/20210121_153205.jpg,54
794,Handwoven authentic 100% pure wool pile Persian camels hair size 5x8 circa 1930s,https://baseerorientalrugs.com/hand-kotted-rugs-sale-1/ols/products/handwoven-authentic-persian-camels-hair-size-5x8-circa-1930s,"$2,400.00",$720.00,https://img1.wsimg.com/isteam/ip/6297fd88-bda9-4967-b377-b62716f47e9a/ols/20210121_154755.jpg,54
795,Antique handwoven with soft colors 100% wool pile Persian tabriz design size 5x8,https://baseerorientalrugs.com/hand-kotted-rugs-sale-1/ols/products/antique-handwoven-persian-tabriz-design-size-5x8,"$2,500.00",$750.00,https://img1.wsimg.com/isteam/ip/6297fd88-bda9-4967-b377-b62716f47e9a/ols/20210121_160102.jpg,54
796,Decorative handwoven Indian rug 100% wool pile size 8x10 vintage,https://baseerorientalrugs.com/hand-kotted-rugs-sale-1/ols/products/decorative-handwoven-indian-rug-100-wool-pile-size-8x10,"$4,900.00","$1,470.00",https://img1.wsimg.com/isteam/ip/6297fd88-bda9-4967-b377-b62716f47e9a/ols/20210121_143436.jpg,54
797,( SOLD) Colorful beautiful handwoven authentic Persian Kashan size 8ft x13ft 100% pure wool,https://baseerorientalrugs.com/hand-kotted-rugs-sale-1/ols/products/rare-design-handwoven-authentic-persian-kashan-size-8x13,"$8,500.00","$4,900.00",https://img1.wsimg.com/isteam/ip/6297fd88-bda9-4967-b377-b62716f47e9a/ols/IMG_20210121_212141_794.jpg,54
798,Antique handwoven authentic Persian tabriz design circa 1920s size 8x10,https://baseerorientalrugs.com/hand-kotted-rugs-sale-1/ols/products/antique-handwoven-authentic-persian-tabriz-design-circa-1920s-size-8x10,"$6,500.00","$3,800.00",https://img1.wsimg.com/isteam/ip/6297fd88-bda9-4967-b377-b62716f47e9a/ols/20210122_102207.jpg,54
799,"Decorative very fine quality handwoven Afghan khorjen design size 2'8""×8' runner",https://baseerorientalrugs.com/hand-kotted-rugs-sale-1/ols/products/xn-beautiful-handwoven-afghan-khorjen-design-size-288-y4d,"$1,290.00",$790.00,https://img1.wsimg.com/isteam/ip/6297fd88-bda9-4967-b377-b62716f47e9a/ols/20210122_140854.jpg,54
800,Antique handwoven authentic Persian mahal rug size 7'x10' circa 1920s,https://baseerorientalrugs.com/hand-kotted-rugs-sale-1/ols/products/antique-handwoven-authentic-persian-mahal-rug-size-7x10-circa-1920s,"$5,800.00","$3,500.00",https://img1.wsimg.com/isteam/ip/6297fd88-bda9-4967-b377-b62716f47e9a/ols/20210122_120939.jpg,55
801,Very fine quality handknotted authentic Persian tabriz rug size 9'x12' circa 1950s,https://baseerorientalrugs.com/hand-kotted-rugs-sale-1/ols/products/rare-design-authentic-handwoven-persian-tabriz-rug-size-9x12,"$7,500.00","$4,500.00",https://img1.wsimg.com/isteam/ip/6297fd88-bda9-4967-b377-b62716f47e9a/ols/20210122_154859.jpg,55
802,(SOLD) Antique handwoven authentic Persian boteh design runner circa 1920s size 3'x15',https://baseerorientalrugs.com/hand-kotted-rugs-sale-1/ols/products/antique-handwoven-authentic-persian-boteh-design-runner-circa-1920s-size-3x15,"$4,500.00","$3,500.00",https://img1.wsimg.com/isteam/ip/6297fd88-bda9-4967-b377-b62716f47e9a/ols/20210202_110311.jpg,55
803,"Antique handwoven authentic traditional Caucasian kazakh circa 1900s size 5'×8'9""",https://baseerorientalrugs.com/hand-kotted-rugs-sale-1/ols/products/xn-antique-handwoven-authentic-traditional-caucasian-kazakh-circa-1900s-size-589-s2f,"$4,500.00","$2,800.00",https://img1.wsimg.com/isteam/ip/6297fd88-bda9-4967-b377-b62716f47e9a/ols/20210126_110803.jpg,55
804,"Antique handwoven authentic Persian tabriz rug with soft colors, size 5x7ft circa 1920s",https://baseerorientalrugs.com/hand-kotted-rugs-sale-1/ols/products/antique-handwoven-authentic-persian-tabriz-size-5x7ft-circa-1920s,"$3,500.00","$2,500.00",https://img1.wsimg.com/isteam/ip/6297fd88-bda9-4967-b377-b62716f47e9a/ols/20210126_110030.jpg,55
805,Antique handwoven authentic Persian tribal design size 4'x6' circa 1900s,https://baseerorientalrugs.com/hand-kotted-rugs-sale-1/ols/products/antique-handwoven-authentic-persian-tribal-design-size-4x6,"$2,500.00","$1,400.00",https://img1.wsimg.com/isteam/ip/6297fd88-bda9-4967-b377-b62716f47e9a/ols/20210126_104744.jpg,55
806,Antique handwoven authentic Persian saruke faraghan size 4x6 circa 1900s,https://baseerorientalrugs.com/hand-kotted-rugs-sale-1/ols/products/antique-handwoven-authentic-persian-saruke-faraghan-size-4x6-circa-1900s,"$3,500.00","$1,900.00",https://img1.wsimg.com/isteam/ip/6297fd88-bda9-4967-b377-b62716f47e9a/ols/Screenshot_20230714_150905_Pixelcut-361d139.jpg,55
807,Authentic handwoven Caucasian kazakh design circa 1900s size 5'x7' made of 100% pure wool,https://baseerorientalrugs.com/hand-kotted-rugs-sale-1/ols/products/authentic-handwoven-caucasian-kazakh-design-circa-1900s-size-5x7,"$3,500.00","$2,200.00",https://img1.wsimg.com/isteam/ip/6297fd88-bda9-4967-b377-b62716f47e9a/ols/20210202_112738.jpg,55
808,Hand knotted 100% pure wool Antique Caucasian runner trible design size 4ft by 10ft circa 1880's,https://baseerorientalrugs.com/hand-kotted-rugs-sale-1/ols/products/xn-antique-handwoven-nw-persian-rug-size-4392-bnd,"$5,500.00","$2,900.00",https://img1.wsimg.com/isteam/ip/6297fd88-bda9-4967-b377-b62716f47e9a/ols/IMG_20210127_215537_847.jpg,55
809,Fine quality traditional handwoven Persian qum size 3x5 circa 1930s,https://baseerorientalrugs.com/hand-kotted-rugs-sale-1/ols/products/fine-quality-traditional-handwoven-persian-qum-size-3x5,"$2,500.00","$1,250.00",https://img1.wsimg.com/isteam/ip/6297fd88-bda9-4967-b377-b62716f47e9a/ols/20210204_150830.jpg,55
810,"(sold) Antique handknotted authentic Persian herize serapies circa 1880s size 4'4""×6'5""",https://baseerorientalrugs.com/hand-kotted-rugs-sale-1/ols/products/xn-antique-look-handwoven-serapies-circa-1880s-size-4465-yfe,"$6,500.00","$4,500.00",https://img1.wsimg.com/isteam/ip/6297fd88-bda9-4967-b377-b62716f47e9a/ols/20210205_163419.jpg,55
811,Fine quality handwoven tabriz design Persian rug size 5'x7' circa 1960s,https://baseerorientalrugs.com/hand-kotted-rugs-sale-1/ols/products/fine-quality-handwoven-tabriz-design-persian-rug-size-5x7,"$5,500.00","$3,500.00",https://img1.wsimg.com/isteam/ip/6297fd88-bda9-4967-b377-b62716f47e9a/ols/20210203_151610.jpg,55
812,"Fine quality handwoven Isfahan design Persian rug size 3'4""×5'3"" made of 100% pure silk and wool",https://baseerorientalrugs.com/hand-kotted-rugs-sale-1/ols/products/xn-fine-quality-handwoven-isfahan-design-persian-rug-size-3453-1ue,"$3,800.00","$2,200.00",https://img1.wsimg.com/isteam/ip/6297fd88-bda9-4967-b377-b62716f47e9a/ols/20210204_151047.jpg,55
813,"(SOLD) Fine quality handwoven tabriz authentic Persian rug size 8'3""×12'4""",https://baseerorientalrugs.com/hand-kotted-rugs-sale-1/ols/products/xn-fine-quality-handwoven-tabriz-authentic-persian-rug-size-83124-k2e,"$12,800.00","$6,450.00",https://img1.wsimg.com/isteam/ip/6297fd88-bda9-4967-b377-b62716f47e9a/ols/20210202_124229.jpg,55
814,Semi antique handwoven persian tabriz rug 100% pure silk & wool size 5'x7' circa 1950s,https://baseerorientalrugs.com/hand-kotted-rugs-sale-1/ols/products/semi-antique-handwoven-persian-tabriz-rug-100-pure-silk-wool-size-5x78-circa-1950s,"$7,500.00","$4,250.00",https://isteam.wsimg.com/ip/6297fd88-bda9-4967-b377-b62716f47e9a/20210122_151008.jpg,55
815,"antique handwoven 100% pure wool malayer rug size 5'x6'8"" circa 1920s",https://baseerorientalrugs.com/hand-kotted-rugs-sale-1/ols/products/antique-handwoven-100-pure-wool-malayer-rug-size-5x68,"$3,500.00","$1,750.00",https://isteam.wsimg.com/ip/6297fd88-bda9-4967-b377-b62716f47e9a/20210122_150258.jpg,56
816,"Antique handwoven authentic very fine 784 KPSI rare Isfahan size 4'8""x7'5"" circa 1900",https://baseerorientalrugs.com/hand-kotted-rugs-sale-1/ols/products/antique-handwoven-authentic-very-fine-784-kpsi-rare-isfahan-size-48x75-circa-1900,"$25,000.00","$14,500.00",https://img1.wsimg.com/isteam/ip/6297fd88-bda9-4967-b377-b62716f47e9a/ols/Screenshot_20230714_201504_Pixelcut.jpg,56
817,Antique hand knotted Persian blue Saruke mahal size 5'x10' circa 1920s,https://baseerorientalrugs.com/hand-kotted-rugs-sale-1/ols/products/antique-handwoven-persian-blue-saruke-mahal-size-5x10-circa-1920s,"$4,900.00","$2,940.00",https://img1.wsimg.com/isteam/ip/6297fd88-bda9-4967-b377-b62716f47e9a/ols/1000020190.jpg,56
818,"traditional authentic handwoven Persian rug size 10'x13'7"" circa 1950s made of 100% pure silk and wool",https://baseerorientalrugs.com/hand-kotted-rugs-sale-1/ols/products/traditional-authentic-handwoven-persian-rug-size-10x137-circa-1950s,"$15,000.00","$10,500.00",https://isteam.wsimg.com/ip/6297fd88-bda9-4967-b377-b62716f47e9a/ols/20210116_112719.jpg,56
819,Antique handwoven authentic Chinese light blue rug size 3x5 circa 1900s,https://baseerorientalrugs.com/hand-kotted-rugs-sale-1/ols/products/antique-handwoven-authentic-chinese-light-blue-rug-size-3x5-circa-1900s,"$1,200.00",$840.00,https://isteam.wsimg.com/ip/6297fd88-bda9-4967-b377-b62716f47e9a/ols/IMG_20201113_065809_783.jpg,56
820,"Chinese Art Deco Size 4 x 6'7"" circa 1900s Classic Blue with Garden Patterns",https://baseerorientalrugs.com/hand-kotted-rugs-sale-1/ols/products/chinese-art-deco-size-4-x-67-circa-1900s-classic-blue-with-garden-patterns,"$1,800.00","$1,260.00",https://img1.wsimg.com/isteam/ip/6297fd88-bda9-4967-b377-b62716f47e9a/blob-c059ece.png,56
821,Antique Chinese Circa 1920s Lovely Light Blue With a Cream Boarder and Medallion size 3ft by 6ft,https://baseerorientalrugs.com/hand-kotted-rugs-sale-1/ols/products/antique-chinese-circa-1920s-lovely-light-blue-with-a-cream-boarder-and-medallion,"$1,200.00",$840.00,https://isteam.wsimg.com/ip/6297fd88-bda9-4967-b377-b62716f47e9a/ols/20201111_151708.jpg,56
822,Decorative handknotted Antique Chinese Art Deco Rug size 2x2ft Circa 1920s,https://baseerorientalrugs.com/hand-kotted-rugs-sale-1/ols/products/aantique-chinese-art-deco-rug-circa-1920s,$700.00,$420.00,https://isteam.wsimg.com/ip/6297fd88-bda9-4967-b377-b62716f47e9a/20200703_110651.jpg,56
823,Decorative handknoteed antique Blue Art Deco Chinese Rug Size 9ft by 12ft circa 1900s,https://baseerorientalrugs.com/hand-kotted-rugs-sale-1/ols/products/chinese-blue-art-deco-chinese-rug-size,"$7,000.00","$4,200.00",https://isteam.wsimg.com/ip/6297fd88-bda9-4967-b377-b62716f47e9a/ols/20201123_234541.jpg,56
824,Antique handknotted Chinese Blue Art Deco Chinese Rug Size 4x6ft circa 1900s,https://baseerorientalrugs.com/hand-kotted-rugs-sale-1/ols/products/antique-chinese-blue-art-deco-chinese-rug-size-4x6,"$2,800.00","$1,680.00",https://isteam.wsimg.com/ip/6297fd88-bda9-4967-b377-b62716f47e9a/ols/20201111_161855.jpg,56
825,Decorative handknotted Antique Chinese Art Deco Rug Size 6' x 9' Circa 1920s made of 100% pure wool,https://baseerorientalrugs.com/hand-kotted-rugs-sale-1/ols/products/antique-chinese-art-deco-rug-size-6-x-9-circa-1920s,"$4,500.00","$1,350.00",https://isteam.wsimg.com/ip/6297fd88-bda9-4967-b377-b62716f47e9a/ols/20201029_160920.jpg,56
826,"Antique decorative hand knotted art deco Chinese Rug Size 4'x 6'6"" circa 1920s",https://baseerorientalrugs.com/hand-kotted-rugs-sale-1/ols/products/chinese-blue-art-deco-chinese-rug-size-46-x-65,"$2,800.00","$1,680.00",https://isteam.wsimg.com/ip/6297fd88-bda9-4967-b377-b62716f47e9a/ols/20201111_153209.jpg,56
827,"Antique hand knotted authentic Persian laverKerman design size 10x14'9"" circa 1900s",https://baseerorientalrugs.com/hand-kotted-rugs-sale-1/ols/products/antique-handwoven-kerman-design-size-10x137,"$12,900.00","$7,500.00",https://isteam.wsimg.com/ip/6297fd88-bda9-4967-b377-b62716f47e9a/ols/20201031_134248.jpg,56
828,Beautiful handwoven authentic Persian Nain 100% pure silk and wool size 10x15ft circa 1950s,https://baseerorientalrugs.com/hand-kotted-rugs-sale-1/ols/products/beautiful-handwoven-authentic-persian-nain-100-pure-silk-and-wool-size-10x15ft,"$22,500.00","$13,500.00",https://img1.wsimg.com/isteam/ip/6297fd88-bda9-4967-b377-b62716f47e9a/ols/IMG_20201113_070530_560.jpg,56
829,Bird Of Paradise 100% Pure Wool Handmade Rug Size 3'10 x 2'8 made in Afghanistan,https://baseerorientalrugs.com/hand-kotted-rugs-sale-1/ols/products/bird-of-paradise-100-pure-wool-handmade-rug-size-310-x-28,$495.00,$346.50,https://img1.wsimg.com/isteam/ip/6297fd88-bda9-4967-b377-b62716f47e9a/IMG_1516.JPG,57
830,Decorative fine quality 100% pure silk and wool khotan design handwoven rug size 6'x9',https://baseerorientalrugs.com/hand-kotted-rugs-sale-1/ols/products/decorative-fine-quality-100-pure-silk-and-wool-khotan-design-handwoven-rug-size-6x9,"$5,500.00","$3,850.00",https://img1.wsimg.com/isteam/ip/6297fd88-bda9-4967-b377-b62716f47e9a/IMG_1505.JPG,57
831,"(Sold) Herize design size 10'2""x12'9""",https://baseerorientalrugs.com/hand-kotted-rugs-sale-1/ols/products/herize-design-size-102x129,"$12,000.00","$7,200.00",https://isteam.wsimg.com/ip/6297fd88-bda9-4967-b377-b62716f47e9a/ols/20200822_152849.jpg,57
832,"Antique hand knotted authentic Persian Herize design size 9'2""x12ft circa 1920s 100% pure wool",https://baseerorientalrugs.com/hand-kotted-rugs-sale-1/ols/products/anitque-herize-size-92x1110,"$11,500.00","$7,650.00",https://img1.wsimg.com/isteam/ip/6297fd88-bda9-4967-b377-b62716f47e9a/ols/1000026030.jpg,57
833,"Antique handwoven authentic Persian Herize design size 7'3""x10'9"" made of 100% pure wool",https://baseerorientalrugs.com/hand-kotted-rugs-sale-1/ols/products/antique-herize-design-size-73x109,"$8,500.00","$5,100.00",https://img1.wsimg.com/isteam/ip/6297fd88-bda9-4967-b377-b62716f47e9a/ols/1000018987.jpg,57
834,"Antique handwoven authentic Persian Isfahan rare design circa 1880s size 4'2""x6'7""",https://baseerorientalrugs.com/hand-kotted-rugs-sale-1/ols/products/antique-mohteshim-design-size-42x67,"$9,500.00","$5,900.00",https://img1.wsimg.com/isteam/ip/6297fd88-bda9-4967-b377-b62716f47e9a/ols/Screenshot_20230714_201142_Pixelcut.jpg,57
835,"Antique handwoven authentic Persian Isfahan design size 4'3""x6'6"" circa 1920s",https://baseerorientalrugs.com/hand-kotted-rugs-sale-1/ols/products/faraghan-design-size-43x66,"$5,850.00","$3,900.00",https://isteam.wsimg.com/ip/6297fd88-bda9-4967-b377-b62716f47e9a/ols/20200822_142745.jpg,57
836,"Antique decorative handknotted authentic 100% pure wool Afghan Turkman design size 3'1x5'3"" circa 1900",https://baseerorientalrugs.com/hand-kotted-rugs-sale-1/ols/products/antique-turkman-design-size-31x53,"$1,850.00",$950.00,https://isteam.wsimg.com/ip/6297fd88-bda9-4967-b377-b62716f47e9a/ols/20200822_142145.jpg,57
837,"Antique handwoven authentic very fine quality Persian rare design circa 1900s size 4'7""x6ft 9""",https://baseerorientalrugs.com/hand-kotted-rugs-sale-1/ols/products/tabriz-design-46x68,"$7,500.00","$4,800.00",https://img1.wsimg.com/isteam/ip/6297fd88-bda9-4967-b377-b62716f47e9a/ols/Screenshot_20230714_201042_Pixelcut.jpg,57
838,"Antique look handknotted Afghan 100% wool kazakh design runner size 2'6""x10'",https://baseerorientalrugs.com/hand-kotted-rugs-sale-1/ols/products/faraghan-design-size-43x510,"$1,850.00",$950.00,https://isteam.wsimg.com/ip/6297fd88-bda9-4967-b377-b62716f47e9a/ols/20200820_124402.jpg,57
839,"Decorative antique handwoven authentic Persian herize design runner with soft colors size 3'6""x9'5""",https://baseerorientalrugs.com/hand-kotted-rugs-sale-1/ols/products/blue-faraghan-design-size-52x95,"$3,200.00","$1,850.00",https://isteam.wsimg.com/ip/6297fd88-bda9-4967-b377-b62716f47e9a/ols/20200820_123532.jpg,57
840,"Semi antique handwoven authentic Persian 100% pure silk Isfahan design size 5'2""x8'ft circa 1930s",https://baseerorientalrugs.com/hand-kotted-rugs-sale-1/ols/products/new-isfahan-design-size-52x9,"$10,900.00","$5,900.00",https://isteam.wsimg.com/ip/6297fd88-bda9-4967-b377-b62716f47e9a/ols/20200822_140124.jpg,57
841,"Antique handwoven authentic Persian Isfahan design size 5x9'5"" circa 1930s made of 100% pure silk and wool",https://baseerorientalrugs.com/hand-kotted-rugs-sale-1/ols/products/antique-tabriz-design-size-5x72,"$9,500.00","$5,600.00",https://isteam.wsimg.com/ip/6297fd88-bda9-4967-b377-b62716f47e9a/ols/20200822_125057.jpg,57
842,Fine quality traditional handknotted authentic Persian tabriz design size 5x7ft circa 1950s,https://baseerorientalrugs.com/hand-kotted-rugs-sale-1/ols/products/antique-tabriz-design-size-5x71,"$7,500.00","$3,900.00",https://isteam.wsimg.com/ip/6297fd88-bda9-4967-b377-b62716f47e9a/ols/20200822_124728.jpg,57
843,Fine quality traditional handwoven Persian Tabriz design 100% silk & wool size 5'x7',https://baseerorientalrugs.com/hand-kotted-rugs-sale-1/ols/products/antique-tabriz-design-size-5x7,"$5,500.00","$3,500.00",https://isteam.wsimg.com/ip/6297fd88-bda9-4967-b377-b62716f47e9a/ols/20200822_123547.jpg,57
844,"Beautiful hnad knotted authentic Persian Isfahan size 4'6""x7'6"" 100% pure wool and silk circa 1950s",https://baseerorientalrugs.com/hand-kotted-rugs-sale-1/ols/products/antique-isfahan-size-46x76,"$7,500.00","$5,250.00",https://isteam.wsimg.com/ip/6297fd88-bda9-4967-b377-b62716f47e9a/ols/20200822_122904.jpg,58
845,"Antique handknotted authentic persian Kermanshah design size 3'5""x 5'8"" circa 1920s",https://baseerorientalrugs.com/hand-kotted-rugs-sale-1/ols/products/antique-kazkah-design-size-35x-58,"$1,250.00",$750.00,https://isteam.wsimg.com/ip/6297fd88-bda9-4967-b377-b62716f47e9a/ols/20200822_112353.jpg,58
846,Antique handwoven authentic caucasian kazakh kilim design size 6x12 circa 1880s,https://baseerorientalrugs.com/hand-kotted-rugs-sale-1/ols/products/new-kazakh-design-size-28x-14,"$6,800.00","$2,040.00",https://isteam.wsimg.com/ip/6297fd88-bda9-4967-b377-b62716f47e9a/ols/20200822_110325.jpg,58
847,Beautiful handknotted made of 100% pure wool Afghan Kazhakh design size 2x6ft new,https://baseerorientalrugs.com/hand-kotted-rugs-sale-1/ols/products/beautiful-kazhakh-design-size-2x6,$850.00,$490.00,https://isteam.wsimg.com/ip/6297fd88-bda9-4967-b377-b62716f47e9a/ols/20200821_163125-0001.jpg,58
848,"Antique look hand knotted Persian Bijar design size 1'9""x 7'9"" circa 1950s",https://baseerorientalrugs.com/hand-kotted-rugs-sale-1/ols/products/antique-bijar-design-size-19x-79,"$1,850.00",$990.00,https://isteam.wsimg.com/ip/6297fd88-bda9-4967-b377-b62716f47e9a/ols/20200821_162443-0001.jpg,58
849,"Antique look hand knotted Persian Bijar design size 1'19""x8'7"" circa 1950s",https://baseerorientalrugs.com/hand-kotted-rugs-sale-1/ols/products/antique-bijar-design-size-119x87,"$1,850.00",$990.00,https://isteam.wsimg.com/ip/6297fd88-bda9-4967-b377-b62716f47e9a/ols/20200821_162313-0001.jpg,58
850,"Decorative hand knotted New Afghan kazakh design blue runner size 2'6""x 16'7""",https://baseerorientalrugs.com/hand-kotted-rugs-sale-1/ols/products/new-blue-runner-size-26x-167,"$3,039.00","$2,127.00",https://isteam.wsimg.com/ip/6297fd88-bda9-4967-b377-b62716f47e9a/ols/20200821_163354-0001.jpg,58
851,"Antique handwoven authentic Persian bijar rug size 2'5""x5'9"" circa 1950s, soft colors",https://baseerorientalrugs.com/hand-kotted-rugs-sale-1/ols/products/beautiful-new-kilim-size-25x59,"$1,850.00",$950.00,https://isteam.wsimg.com/ip/6297fd88-bda9-4967-b377-b62716f47e9a/ols/20200821_162125-0001.jpg,58
852,"Handwoven fine quality 100% pure wool agra design size 2'8""x 16'2""",https://baseerorientalrugs.com/hand-kotted-rugs-sale-1/ols/products/new-runner-kazakh-design-size-28x-102,"$3,800.00","$2,660.00",https://isteam.wsimg.com/ip/6297fd88-bda9-4967-b377-b62716f47e9a/ols/20200821_161809-0001.jpg,58
853,Decorative handknotted New Afghan runner kazakh design size 2'x5',https://baseerorientalrugs.com/hand-kotted-rugs-sale-1/ols/products/new-runner-kazakh-design-size-2-8-x13-4,$850.00,$450.00,https://isteam.wsimg.com/ip/6297fd88-bda9-4967-b377-b62716f47e9a/ols/20200821_161332-0001.jpg,58
854,"Decorative handknotted Afghan New runner kazakh design size 2'8""x13'4""",https://baseerorientalrugs.com/hand-kotted-rugs-sale-1/ols/products/new-runner-kazakh-design-size-28x134,"$1,850.00","$1,295.00",https://isteam.wsimg.com/ip/6297fd88-bda9-4967-b377-b62716f47e9a/ols/20200821_160922-0001.jpg,58
855,"Decorative handwoven runner turkish design size 2'6""x14' circa 1950s",https://baseerorientalrugs.com/hand-kotted-rugs-sale-1/ols/products/brand-new-runner-kazakh-design-size-26x96,"$1,850.00",$750.00,https://isteam.wsimg.com/ip/6297fd88-bda9-4967-b377-b62716f47e9a/ols/20200821_160551-0001.jpg,58
856,"Decorative handknotted new Bokhara design Runner design size 2'6""x7'",https://baseerorientalrugs.com/hand-kotted-rugs-sale-1/ols/products/brand-new-runner-kazakh-design-size,"$1,200.00",$360.00,https://isteam.wsimg.com/ip/6297fd88-bda9-4967-b377-b62716f47e9a/ols/20200821_160053-0001.jpg,58
857,"Antique look handwoven Afghan kazakh design runner size 2'6""×10' new",https://baseerorientalrugs.com/hand-kotted-rugs-sale-1/ols/products/runner-with-blue-design-size-3x13,"$1,850.00",$950.00,https://isteam.wsimg.com/ip/6297fd88-bda9-4967-b377-b62716f47e9a/ols/20200821_155656-0002.jpg,58
858,"(SOLD) Decorative Authentic antique caucasian kazakh design runner size 3'4""x10'3"" circa 1900",https://baseerorientalrugs.com/hand-kotted-rugs-sale-1/ols/products/authentic-antique-caucasian-design-size-34x103,"$6,900.00","$4,500.00",https://isteam.wsimg.com/ip/6297fd88-bda9-4967-b377-b62716f47e9a/ols/20200821_150436-0001.jpg,58
859,"Decorative handwoven persian karajeh runner size 2'10""x9'10"" circa 1950s",https://baseerorientalrugs.com/hand-kotted-rugs-sale-1/ols/products/antique-persian-rug-size-210x910,"$1,400.00",$800.00,https://isteam.wsimg.com/ip/6297fd88-bda9-4967-b377-b62716f47e9a/ols/20200821_145728-0001.jpg,59
860,"Decorative handknotted Indian runner Agra design size 2'5""x10'6""",https://baseerorientalrugs.com/hand-kotted-rugs-sale-1/ols/products/decorative-indian-runner-agra-design-size-25x106,"$1,490.00",$447.00,https://isteam.wsimg.com/ip/6297fd88-bda9-4967-b377-b62716f47e9a/ols/20200821_145429.jpg,59
861,"Antique original American hooked rug with uniqe design size 1'5""x3 ft circa 1880s",https://baseerorientalrugs.com/hand-kotted-rugs-sale-1/ols/products/antique-box-design-size-15x3-ft,$750.00,$550.00,https://isteam.wsimg.com/ip/6297fd88-bda9-4967-b377-b62716f47e9a/ols/20200821_144635.jpg,59
862,Antique native American handwoven hooked rug size 3'x5' circa 1920s,https://baseerorientalrugs.com/hand-kotted-rugs-sale-1/ols/products/semi-antique-american-size-2x210,"$1,500.00",$850.00,https://isteam.wsimg.com/ip/6297fd88-bda9-4967-b377-b62716f47e9a/ols/20200821_144448.jpg,59
863,"Antique native American hooked rug with beautiful Flower design size 2'7""x3'7""",https://baseerorientalrugs.com/hand-kotted-rugs-sale-1/ols/products/antique-american-flower-midalion-design-size-27x37,"$1,500.00",$850.00,https://isteam.wsimg.com/ip/6297fd88-bda9-4967-b377-b62716f47e9a/ols/20200821_143828.jpg,59
864,"Antique native American hooked rug with ship design size 2'8""x3'8"" circa 1880s",https://baseerorientalrugs.com/hand-kotted-rugs-sale-1/ols/products/antique-american-ship-design-size-28x38-hooked-rug,"$1,500.00",$950.00,https://isteam.wsimg.com/ip/6297fd88-bda9-4967-b377-b62716f47e9a/ols/20200821_143530.jpg,59
865,"Antique handwoven authentic native American hook rug size 2'3""x3'7"" circa 1900s",https://baseerorientalrugs.com/hand-kotted-rugs-sale-1/ols/products/antique-american-flower-pot-design-size-23x37,"$1,500.00",$850.00,https://isteam.wsimg.com/ip/6297fd88-bda9-4967-b377-b62716f47e9a/ols/20200821_143234.jpg,59
866,"Antique handwoven authentic native American hooked rug size 2'7"" x 4'10""",https://baseerorientalrugs.com/hand-kotted-rugs-sale-1/ols/products/antique-handwoven-authentic-american-hooked-rug-size-27-x-410,"$2,500.00","$1,150.00",https://isteam.wsimg.com/ip/6297fd88-bda9-4967-b377-b62716f47e9a/ols/20200821_142722.jpg,59
867,"Antique handwoven native American hooked rug size 3'2""x4'10"" circa 1900s",https://baseerorientalrugs.com/hand-kotted-rugs-sale-1/ols/products/antique-handwoven-american-navajo-hooked-rug-size-32x410,"$1,900.00","$1,150.00",https://img1.wsimg.com/isteam/ip/6297fd88-bda9-4967-b377-b62716f47e9a/ols/20200821_142251-0001.jpg,59
868,"Decorative handwoven Persian herize runner size 2'6""×12' made of 100% pure wool",https://baseerorientalrugs.com/hand-kotted-rugs-sale-1/ols/products/xn-decorative-handwoven-persian-herize-runner-size-2612-y9d,"$1,800.00","$1,090.00",https://isteam.wsimg.com/ip/6297fd88-bda9-4967-b377-b62716f47e9a/ols/20200820_120915.jpg,59
869,Handwoven Afghan Kazakh design size 2'7 x 9'6 100% wool pile & cotton foundation,https://baseerorientalrugs.com/hand-kotted-rugs-sale-1/ols/products/kazakh-design-size-27-x-96-100-cotton-foundation,"$1,200.00",$800.00,https://isteam.wsimg.com/ip/6297fd88-bda9-4967-b377-b62716f47e9a/ols/20200820_160052.jpg,59
870,"Antique handwoven NW Persian boteh design size 3'3""×7'2"" circa 1900s made of 100% wool",https://baseerorientalrugs.com/hand-kotted-rugs-sale-1/ols/products/antique-turkman-design-size-210-x-1210-100-cotton-foundation,"$3,900.00","$1,950.00",https://isteam.wsimg.com/ip/6297fd88-bda9-4967-b377-b62716f47e9a/ols/20200820_144216.jpg,59
871,Decorative handwoven Indian agra design wool rug size 6x9ft Vintage,https://baseerorientalrugs.com/hand-kotted-rugs-sale-1/ols/products/decorative-handwoven-indian-agra-design-wool-rug-size-6x9,"$2,200.00",$660.00,https://isteam.wsimg.com/ip/6297fd88-bda9-4967-b377-b62716f47e9a/20200727_112502.jpg,59
872,"Antique look new handknotted Kazakh design Afghan rug size 5'8""×8'5""",https://baseerorientalrugs.com/hand-kotted-rugs-sale-1/ols/products/xn-antique-look-new-kazakh-design-afghan-rug-size-5885-x9d,"$2,200.00","$1,400.00",https://isteam.wsimg.com/ip/6297fd88-bda9-4967-b377-b62716f47e9a/20200727_111207.jpg,59
873,"Decorative handknotted tribal Persian Design runner circa 1940s size 3'4""×13'",https://baseerorientalrugs.com/hand-kotted-rugs-sale-1/ols/products/xn-long-dark-blue-persian-design-runner-circa-1940s-size-3413-1pe,"$1,900.00",$570.00,https://img1.wsimg.com/isteam/ip/6297fd88-bda9-4967-b377-b62716f47e9a/20200727_114245.jpg,59
